Name,Instance Count,Size (bytes)
byte[ ],45044,3776888
java.lang.String,39113,938712
java.util.HashMap$Node,14358,459456
java.util.concurrent.ConcurrentHashMap$Node,11169,357408
java.lang.reflect.Method,5342,470096
java.lang.Object,4694,75104
java.lang.Class[ ],4598,102552
java.lang.Object[ ],4536,291968
java.lang.Class,3950,480728
java.lang.StringBuilder,1810,43440
java.lang.String[ ],1746,76016
java.util.ArrayList$Itr,1571,50272
sun.util.locale.LocaleObjectCache$CacheEntry,1564,62560
int[ ],1445,685984
java.util.LinkedHashMap$Entry,1413,56520
java.lang.ref.SoftReference,1366,54640
java.util.HashMap,1043,50064
org.apache.tomcat.util.modeler.AttributeInfo,934,44832
java.util.HashMap$Node[ ],887,171696
java.util.Hashtable$Entry,872,27904
java.util.Locale,800,25600
sun.util.locale.BaseLocale,799,25568
sun.util.locale.BaseLocale$Key,780,24960
java.lang.invoke.MemberName,778,37344
char[ ],735,613256
java.lang.reflect.Field,668,48096
java.lang.invoke.LambdaForm$Name,653,20896
javax.management.MBeanAttributeInfo,603,19296
java.lang.invoke.ResolvedMethodName,596,14304
java.util.ArrayList,581,13944
java.lang.invoke.MethodType$ConcurrentWeakInternSet$WeakEntry,528,16896
java.lang.invoke.MethodType,509,20360
java.util.concurrent.locks.ReentrantReadWriteLock,470,11280
java.util.concurrent.locks.ReentrantReadWriteLock$ReadLock,470,7520
java.util.concurrent.locks.ReentrantReadWriteLock$Sync$ThreadLocalHoldCounter,470,7520
java.util.concurrent.locks.ReentrantReadWriteLock$WriteLock,470,7520
java.util.concurrent.locks.ReentrantReadWriteLock$NonfairSync,469,22512
java.util.concurrent.ConcurrentHashMap,457,29248
java.lang.Class$ReflectionData,441,28224
java.util.LinkedList$Node,411,9864
java.io.File,401,12832
java.lang.ref.WeakReference,367,11744
java.lang.management.MemoryUsage,360,17280
java.lang.module.ModuleDescriptor$Exports,356,8544
org.apache.tomcat.util.modeler.OperationInfo,339,16272
org.apache.tomcat.util.modeler.ParameterInfo[ ],339,7000
java.lang.reflect.Method[ ],331,43304
java.util.jar.JarFile$JarFileEntry,327,31392
java.time.LocalTime,310,7440
sun.util.calendar.ZoneInfo,306,17136
java.util.concurrent.ConcurrentHashMap$MapEntry,302,7248
java.util.HashSet,301,4816
javax.management.MBeanOperationInfo,301,12040
java.time.LocalDateTime,298,7152
org.apache.catalina.webresources.EmptyResource,297,7128
java.time.LocalDate,296,7104
java.util.concurrent.CopyOnWriteArrayList,294,7056
java.util.TreeMap$Entry,293,11720
java.lang.Integer,291,4656
java.util.ImmutableCollections$Set12,291,6984
org.apache.catalina.webresources.JarResource,283,15848
java.util.Hashtable$Entry[ ],282,20080
java.util.Hashtable,281,13488
java.lang.Long,277,6648
java.lang.reflect.Constructor,274,19728
java.lang.ref.ReferenceQueue$Lock,270,4320
java.lang.ref.ReferenceQueue,268,8576
java.util.logging.LogManager$LoggerWeakRef,266,12768
javax.management.ImmutableDescriptor,255,6120
javax.management.MBeanParameterInfo,255,8160
java.util.Vector,247,7904
sun.security.util.KnownOIDs,247,7904
com.jprofiler.agent.triggers.nanoxml.XMLElement,245,11760
java.util.concurrent.atomic.AtomicInteger,245,3920
java.lang.ref.SoftReference[ ],244,16592
org.apache.tomcat.util.modeler.ParameterInfo,238,7616
java.util.concurrent.locks.ReentrantLock$NonfairSync,226,7232
java.lang.reflect.Constructor[ ],225,5296
javax.management.ObjectName$Property,215,5160
java.lang.invoke.LambdaForm$NamedFunction,208,6656
java.util.concurrent.ConcurrentHashMap$Node[ ],198,137024
com.sun.org.apache.xerces.internal.xni.QName,196,6272
javax.management.MBeanParameterInfo[ ],192,4760
java.util.logging.LogManager$LogNode,184,5888
jdk.internal.reflect.DelegatingConstructorAccessorImpl,183,2928
jdk.internal.reflect.NativeConstructorAccessorImpl,176,4224
jdk.internal.module.ServicesCatalog$ServiceProvider,170,4080
java.lang.invoke.DirectMethodHandle,169,5408
java.util.ImmutableCollections$SetN,169,4056
javax.management.ObjectName$Property[ ],167,4752
com.sun.jmx.mbeanserver.MXBeanMapping[ ],166,3320
com.jprofiler.agent.util.a.a.b.h$m,160,10240
java.util.concurrent.atomic.AtomicReferenceArray,160,2560
java.util.Collections$UnmodifiableSet,157,2512
com.sun.jmx.mbeanserver.ConvertingMethod,155,4960
java.lang.invoke.MethodTypeForm,149,4768
java.util.WeakHashMap$Entry,148,5920
org.apache.juli.logging.DirectJDKLog,142,2272
java.lang.invoke.LambdaForm$Name[ ],141,7240
java.util.ImmutableCollections$List12,140,3360
java.util.concurrent.ConcurrentHashMap$KeyIterator,137,7672
java.lang.invoke.LambdaForm,136,6528
com.jprofiler.agent.probe.structures.n,135,6480
java.util.HashMap$Values,133,2128
java.lang.module.ModuleDescriptor$Requires,130,4160
java.util.logging.Logger$ConfigurationData,128,5120
java.util.logging.Logger,127,7112
jdk.internal.ref.CleanerImpl$PhantomCleanableRef,125,6000
java.lang.Module,108,6048
java.net.URL,105,6720
java.util.ResourceBundle$KeyElementReference,104,3328
char[ ][ ],103,2472
java.util.jar.Attributes$Name,102,2448
jdk.internal.reflect.DelegatingMethodAccessorImpl,102,1632
java.security.Provider$ServiceKey,98,2352
org.apache.tomcat.util.digester.CallMethodRule,95,4560
java.util.LinkedHashMap,93,5208
java.util.Collections$UnmodifiableCollection$1,91,2184
javax.management.MBeanAttributeInfo[ ],91,5688
javax.management.MBeanInfo,91,4368
java.math.BigInteger,90,3600
java.lang.Package,89,2848
java.io.ObjectStreamField,88,3520
javax.management.ObjectName,84,2688
java.lang.invoke.BoundMethodHandle$Species_L,83,2656
javax.management.MBeanOperationInfo[ ],82,3216
java.lang.reflect.Field[ ],81,5448
com.sun.jmx.mbeanserver.NamedObject,80,1920
java.util.WeakHashMap$Entry[ ],80,7488
jdk.internal.reflect.NativeMethodAccessorImpl,80,1920
com.sun.management.internal.DiagnosticCommandArgumentInfo,79,3160
org.apache.tomcat.util.buf.ByteChunk,76,3648
java.util.WeakHashMap,75,3600
long[ ],74,10944
java.lang.Package$VersionInfo,73,2920
com.jprofiler.agent.util.a.b.z,71,5112
com.sun.org.apache.xerces.internal.util.SymbolTable$Entry,71,1704
java.net.URI,70,5600
java.security.Principal[ ],70,1120
java.security.ProtectionDomain,70,2800
java.security.ProtectionDomain$Key,70,1120
org.apache.tomcat.util.modeler.ManagedBean,70,3920
org.apache.tomcat.util.modeler.NotificationInfo[ ],70,1120
java.lang.invoke.DirectMethodHandle$Accessor,68,2720
java.security.CodeSource,68,2720
org.apache.tomcat.util.buf.CharChunk,68,3264
org.apache.tomcat.util.buf.MessageBytes,67,3216
com.sun.jmx.mbeanserver.PerInterface$MethodAndSig,66,1584
java.lang.invoke.LambdaForm$Kind,66,2112
java.util.HashMap$KeySet,66,1056
java.util.concurrent.locks.ReentrantLock,66,1056
org.apache.catalina.loader.ResourceEntry,64,1536
sun.net.www.MimeEntry,64,3072
java.lang.module.ModuleDescriptor,62,3968
sun.nio.fs.WindowsPath,62,2480
java.lang.module.ResolvedModule,61,1464
java.util.zip.Inflater,61,3904
java.util.zip.Inflater$InflaterZStreamRef,61,1464
jdk.internal.module.ModuleReferenceImpl,61,3416
jdk.internal.module.SystemModuleFinders$2,61,1464
jdk.internal.module.SystemModuleFinders$SystemModuleReader,61,1464
java.lang.invoke.DirectMethodHandle$Constructor,60,2400
jdk.internal.loader.BuiltinClassLoader$LoadedModule,60,1920
java.io.FileDescriptor,59,2360
java.util.ArrayDeque,59,1416
jdk.internal.module.SystemModuleFinders$3,59,944
java.lang.ThreadLocal$ThreadLocalMap$Entry,58,1856
com.jprofiler.agent.probe.structures.n[ ],57,1368
java.lang.module.ModuleDescriptor$Provides,57,1368
org.apache.catalina.Container[ ],57,1144
java.util.Collections$SetFromMap,56,1344
java.util.concurrent.CopyOnWriteArrayList$COWIterator,55,1320
org.apache.catalina.LifecycleEvent,55,1320
boolean[ ],54,6104
javax.management.MBeanNotificationInfo[ ],54,984
sun.reflect.generics.tree.ClassTypeSignature,53,848
sun.reflect.generics.tree.SimpleClassTypeSignature,53,1272
sun.reflect.generics.tree.TypeArgument[ ],53,1000
java.util.ResourceBundle$BundleReference,52,2080
java.util.ResourceBundle$CacheKey,52,3744
javax.management.MBeanConstructorInfo[ ],52,880
java.util.Arrays$ArrayList,51,1224
java.util.Collections$SingletonList,50,1200
java.util.HashMap$EntrySet,49,784
javax.management.openmbean.OpenMBeanAttributeInfoSupport,49,3136
java.util.concurrent.atomic.AtomicIntegerArray,48,768
java.util.concurrent.ConcurrentHashMap$ValuesView,47,752
java.security.Provider$UString,45,1080
java.util.WeakHashMap$KeySet,45,720
java.util.concurrent.atomic.AtomicLong,45,1080
java.util.concurrent.locks.AbstractQueuedSynchronizer$ConditionObject,45,1080
org.apache.coyote.ActionCode,45,1080
java.lang.invoke.LambdaFormEditor$Transform,44,2112
java.util.zip.ZipFile$CleanableResource,44,1408
jdk.internal.loader.NativeLibraries,44,1408
java.io.FileCleanable,43,2408
java.util.ImmutableCollections$ListN,42,672
com.sun.management.internal.DiagnosticCommandArgumentInfo[ ],41,1024
com.sun.management.internal.DiagnosticCommandImpl$Wrapper,41,1312
com.sun.management.internal.DiagnosticCommandInfo,41,1968
java.lang.invoke.MethodHandle[ ],39,3472
java.util.PropertyResourceBundle,39,1560
java.util.jar.JarFile,39,2184
org.apache.catalina.webresources.FileResource,39,1872
java.io.RandomAccessFile,38,1216
java.lang.invoke.BoundMethodHandle$Species_LL,38,1520
java.math.BigInteger[ ],38,1184
java.security.Provider$Service,38,2128
java.util.zip.ZipFile$Source,38,3040
java.util.zip.ZipFile$Source$Key,38,912
sun.nio.fs.WindowsFileAttributes,38,2432
com.sun.org.apache.xerces.internal.util.XMLStringBuffer,37,888
com.sun.org.apache.xerces.internal.xni.XMLString,37,888
java.lang.management.ManagementPermission,36,864
java.util.TreeMap,36,1728
jdk.internal.reflect.DelegatingClassLoader,35,2800
com.jprofiler.agent.probe.structures.h,34,1360
org.apache.tomcat.util.res.StringManager,34,816
org.apache.tomcat.util.res.StringManager$1,34,1904
java.security.AccessControlContext,33,1320
jdk.internal.loader.URLClassPath$JarLoader,33,1584
org.apache.tomcat.util.modeler.BaseModelMBean,33,1320
com.jprofiler.agent.probe.structures.MetaDataImpl,32,2560
com.sun.jmx.mbeanserver.DefaultMXBeanMappingFactory$IdentityMapping,32,768
java.io.ObjectStreamField[ ],32,944
java.lang.WeakPairMap$Pair$Weak,32,1280
java.lang.WeakPairMap$Pair$Weak$1,32,1024
jdk.internal.reflect.UnsafeStaticObjectFieldAccessorImpl,32,1024
java.lang.Class$AnnotationData,31,744
java.lang.invoke.VarHandle$AccessMode,31,992
java.lang.reflect.Type[ ],30,664
java.security.Provider$EngineDescription,30,960
java.time.temporal.ChronoField,30,1200
java.time.temporal.ValueRange,30,1440
org.apache.catalina.util.ManifestResource,30,960
java.text.DateFormatSymbols,28,1792
org.apache.catalina.webresources.CachedResource,28,2464
com.jprofiler.agent.util.a.a.b.h,27,2808
com.jprofiler.agent.util.a.a.b.h$m[ ],27,1072
java.util.jar.Attributes,27,432
java.nio.HeapByteBuffer,26,1456
com.sun.jmx.mbeanserver.WeakIdentityHashMap$IdentityWeakReference,25,800
com.sun.org.apache.xerces.internal.util.AugmentationsImpl,25,400
com.sun.org.apache.xerces.internal.util.AugmentationsImpl$SmallContainer,25,800
java.security.Permissions,25,600
java.security.SecureClassLoader$CodeSourceKey,25,400
java.util.concurrent.ConcurrentHashMap$ForwardingNode,25,800
com.sun.jmx.mbeanserver.MXBeanSupport,24,960
com.sun.org.apache.xerces.internal.util.XMLAttributesImpl$Attribute,24,1152
java.beans.PropertyChangeSupport,24,576
java.beans.PropertyChangeSupport$PropertyChangeListenerMap,24,384
java.net.InetAddress$InetAddressHolder,24,768
java.util.Date,24,576
java.text.DecimalFormatSymbols,23,2024
short[ ],23,2960
java.lang.RuntimePermission,22,528
java.lang.invoke.MethodHandleImpl$AsVarargsCollector,22,880
sun.reflect.annotation.AnnotationInvocationHandler,22,528
java.util.jar.Manifest,21,504
org.apache.tomcat.util.http.MimeHeaderField,21,504
sun.reflect.generics.tree.FieldTypeSignature[ ],21,360
sun.reflect.generics.tree.FormalTypeParameter[ ],21,352
com.jprofiler.agent.sampler.Sampler$c,20,640
sun.reflect.generics.factory.CoreReflectionFactory,20,480
java.io.FilePermission,19,760
java.lang.Integer[ ],19,1904
java.lang.invoke.Invokers,19,456
java.lang.invoke.VarHandle$AccessDescriptor,19,608
java.net.InetSocketAddress,19,304
java.net.InetSocketAddress$InetSocketAddressHolder,19,456
java.text.DecimalFormat,19,2736
java.text.DigitList,19,760
java.util.concurrent.atomic.AtomicBoolean,19,304
javax.management.StandardMBean,19,456
javax.management.openmbean.ArrayType,19,912
com.jprofiler.agent.probe.g.c,18,2880
com.jprofiler.agent.probe.g.c$1,18,288
com.jprofiler.agent.probe.g.d,18,1008
com.jprofiler.agent.probe.g.d$1,18,432
com.jprofiler.agent.probe.payload.BasePayloadInfo[ ],18,288
com.jprofiler.agent.probe.structures.a,18,432
com.jprofiler.agent.probe.structures.o$a,18,432
com.jprofiler.agent.probe.structures.o$b,18,432
com.jprofiler.agent.probe.structures.o$c,18,432
com.jprofiler.api.agent.probe.ThreadLocalStack,18,288
com.jprofiler.api.agent.probe.ThreadLocalStack$1,18,432
java.io.FilePermissionCollection,18,432
java.lang.Thread,18,6624
java.lang.ThreadLocal,18,288
java.text.DateFormat$Field,18,432
java.text.SimpleDateFormat,18,1152
java.util.GregorianCalendar,18,2016
sun.reflect.generics.reflectiveObjects.ParameterizedTypeImpl,18,432
sun.reflect.generics.repository.MethodRepository,18,720
sun.reflect.generics.scope.MethodScope,18,432
sun.reflect.generics.tree.MethodTypeSignature,18,576
sun.reflect.generics.tree.TypeSignature[ ],18,328
sun.util.calendar.Gregorian$Date,18,1728
java.nio.file.attribute.FileTime,17,544
java.security.ProtectionDomain[ ],17,512
java.time.Duration,17,408
sun.nio.ch.OptionKey,17,408
sun.nio.ch.SocketOptionRegistry$RegistryKey,17,408
com.jprofiler.agent.probe.g.a,16,384
com.sun.org.apache.xerces.internal.impl.dtd.XMLSimpleType,16,640
com.sun.proxy.$Proxy1,16,256
java.lang.String[ ][ ],16,2312
java.net.Inet4Address,16,384
java.time.temporal.ChronoUnit,16,512
org.apache.tomcat.util.digester.ArrayStack,16,384
com.jprofiler.agent.util.f,15,360
java.lang.invoke.VarHandleReferences$FieldInstanceReadWrite,15,600
java.util.concurrent.ConcurrentHashMap$KeySetView,15,360
java.util.concurrent.ConcurrentHashMap$ValueIterator,15,840
java.util.concurrent.ConcurrentLinkedQueue$Node,15,360
javax.websocket.CloseReason$CloseCodes,15,360
com.jprofiler.agent.probe.a$1,14,224
com.sun.jmx.mbeanserver.PerInterface,14,560
javax.management.openmbean.OpenMBeanParameterInfoSupport,14,784
javax.management.openmbean.SimpleType,14,560
org.apache.catalina.WebResource[ ],14,336
org.apache.tomcat.util.collections.ManagedConcurrentWeakHashMap$Key,14,560
org.apache.tomcat.util.digester.ObjectCreateRule,14,448
java.lang.invoke.BoundMethodHandle$SpeciesData,13,624
java.lang.invoke.BoundMethodHandle$SpeciesData[ ],13,520
java.lang.invoke.BoundMethodHandle$Species_LJ,13,520
java.text.NumberFormat$Field,13,208
java.util.Properties,13,728
java.util.concurrent.LinkedBlockingQueue$Node,13,312
javax.management.openmbean.CompositeType,13,728
jdk.internal.reflect.BootstrapConstructorAccessorImpl,13,208
org.apache.coyote.AsyncStateMachine$AsyncState,13,312
org.apache.tomcat.util.digester.SetNextRule,13,416
sun.security.jca.ProviderConfig,13,416
com.sun.org.apache.xerces.internal.impl.dtd.XMLElementDecl,12,384
java.lang.invoke.MethodType[ ],12,512
java.net.StandardSocketOptions$StdSocketOption,12,288
java.util.Collections$SingletonSet,12,192
java.util.LinkedHashSet,12,192
java.util.concurrent.LinkedBlockingQueue,12,576
java.util.concurrent.ThreadPoolExecutor,12,864
javax.management.NotificationBroadcasterSupport,12,288
org.apache.catalina.LifecycleState,12,384
org.apache.catalina.core.ContainerBase$StartStopThreadFactory,12,288
org.apache.catalina.core.StandardPipeline,12,480
com.sun.jmx.mbeanserver.DefaultMXBeanMappingFactory$CompositeMapping,11,528
java.lang.OutOfMemoryError,11,440
java.lang.ThreadLocal$ThreadLocalMap,11,264
java.lang.ThreadLocal$ThreadLocalMap$Entry[ ],11,1072
java.lang.invoke.MethodHandleImpl$Intrinsic,11,264
java.nio.DirectByteBuffer,11,704
java.time.ZoneOffset,11,264
java.util.Collections$UnmodifiableMap,11,352
java.util.Collections$UnmodifiableRandomAccessList,11,264
java.util.RegularEnumSet,11,352
sun.util.resources.Bundles$BundleReference,11,440
sun.util.resources.Bundles$CacheKey,11,352
com.sun.org.apache.xerces.internal.impl.XMLEntityManager$EncodingInfo,10,320
com.sun.org.apache.xerces.internal.impl.XMLScanner$NameType,10,240
com.sun.org.apache.xerces.internal.xni.QName[ ],10,2848
java.lang.invoke.MemberName[ ],10,1440
java.lang.invoke.VarForm,10,240
java.nio.charset.CoderResult,10,240
java.nio.file.StandardOpenOption,10,240
java.util.Formatter$Flags,10,160
java.util.LinkedList,10,320
org.apache.catalina.mapper.Mapper$MappedWrapper,10,240
org.apache.catalina.mbeans.ContainerMBean,10,400
org.apache.tomcat.util.descriptor.tld.TldRuleSet$GenericBooleanRule,10,240
org.apache.tomcat.util.digester.CallParamRule,10,400
sun.invoke.util.Wrapper,10,560
sun.nio.fs.NativeBuffer,10,320
sun.nio.fs.NativeBuffer$Deallocator,10,240
sun.util.locale.provider.LocaleResources$ResourceReference,10,400
com.jprofiler.agent.JProfilerThreadManager,9,360
com.jprofiler.agent.probe.CallSite,9,288
com.sun.org.apache.xerces.internal.utils.XMLSecurityManager$Limit,9,360
java.util.ImmutableCollections$MapN,9,288
java.util.TreeMap$KeyIterator,9,288
java.util.TreeMap$KeySet,9,144
java.util.TreeSet,9,144
java.util.concurrent.ConcurrentLinkedQueue,9,216
java.util.logging.Level,9,288
java.util.logging.Level$KnownLevel,9,288
java.util.regex.Pattern$GroupTail,9,216
javax.management.MBeanNotificationInfo,9,288
jdk.internal.loader.AbstractClassLoaderValue$Sub,9,216
jdk.internal.org.objectweb.asm.Type,9,288
jdk.internal.reflect.UnsafeQualifiedStaticObjectFieldAccessorImpl,9,288
org.apache.catalina.webresources.Cache$EvictionOrder,9,144
org.apache.naming.NamingEntry,9,216
sun.nio.ch.SocketChannelImpl,9,1008
sun.util.logging.PlatformLogger$Level,9,216
sun.util.logging.internal.LoggingProviderImpl$JULWrapper,9,144
com.jprofiler.api.agent.probe.DataType,8,128
java.lang.reflect.ProxyGenerator$PrimitiveTypeInfo,8,256
java.math.RoundingMode,8,192
java.net.Inet6Address,8,192
java.net.Inet6Address$Inet6AddressHolder,8,256
java.net.NetPermission,8,192
java.util.IdentityHashMap,8,320
java.util.regex.Pattern$GroupHead,8,192
org.apache.catalina.core.StandardWrapper,8,1920
org.apache.catalina.core.StandardWrapperFacade,8,192
org.apache.catalina.core.StandardWrapperValve,8,640
org.apache.tomcat.util.digester.SetPropertiesRule,8,192
org.apache.tomcat.util.net.AbstractEndpoint$Handler$SocketState,8,192
sun.management.MemoryPoolImpl,8,448
sun.management.MemoryPoolImpl$CollectionSensor,8,320
sun.management.MemoryPoolImpl$PoolSensor,8,320
sun.nio.cs.SingleByte$Encoder,8,512
com.jprofiler.agent.LockManager$a,7,112
com.jprofiler.agent.probe.f.a$a,7,112
com.jprofiler.agent.util.a.b.q,7,280
com.jprofiler.api.agent.probe.Unit,7,112
com.sun.org.apache.xerces.internal.util.FeatureState,7,168
int[ ][ ],7,248
java.io.OutputStreamWriter,7,168
java.lang.Boolean[ ],7,224
java.lang.System$Logger$Level,7,168
java.lang.invoke.DirectMethodHandle$Interface,7,280
java.nio.HeapCharBuffer,7,392
java.nio.channels.spi.AbstractInterruptibleChannel$1,7,112
java.util.LinkedHashMap$LinkedKeySet,7,112
java.util.concurrent.TimeUnit,7,560
java.util.regex.Pattern$BmpCharProperty,7,168
java.util.zip.ZipFile$InflaterCleanupAction,7,168
jdk.internal.loader.ClassLoaderValue,7,112
org.apache.catalina.valves.AbstractAccessLogValve$StringElement,7,112
org.apache.naming.NamingContext,7,224
org.apache.tomcat.util.http.parser.HttpParser$DomainParseState,7,224
org.apache.tomcat.util.net.SocketEvent,7,168
sun.invoke.util.Wrapper[ ],7,496
sun.nio.ch.DummySocketImpl,7,224
sun.nio.cs.StreamEncoder,7,336
com.sun.jmx.mbeanserver.DefaultMXBeanMappingFactory$CollectionMapping,6,192
com.sun.org.apache.xerces.internal.util.Status,6,144
double[ ],6,664
java.beans.PropertyChangeListener[ ],6,136
java.io.BufferedWriter,6,240
java.lang.NamedPackage,6,144
java.lang.Thread$State,6,144
java.lang.invoke.BoundMethodHandle$Species_LLLLLLL,6,336
java.lang.invoke.LambdaForm$BasicType,6,192
java.lang.invoke.VarHandleInts$FieldInstanceReadWrite,6,192
java.nio.DirectLongBufferU,6,336
java.security.SecurityPermission,6,144
java.util.concurrent.Semaphore,6,96
java.util.concurrent.Semaphore$NonfairSync,6,192
java.util.regex.Pattern$Branch,6,192
java.util.regex.Pattern$BranchConn,6,96
java.util.regex.Pattern$Node[ ],6,144
jdk.internal.loader.NativeLibraries$NativeLibraryImpl,6,240
jdk.internal.loader.URLClassPath,6,240
jdk.internal.perf.PerfCounter,6,144
org.apache.catalina.mapper.Mapper$MappedWrapper[ ],6,128
org.apache.coyote.http11.Http11InputBuffer$HeaderParsePosition,6,144
short[ ][ ],6,208
sun.nio.ch.SocketAdaptor,6,288
sun.security.util.LazyCodeSourcePermissionCollection,6,144
com.sun.org.apache.xerces.internal.util.PropertyState,5,120
com.sun.org.apache.xerces.internal.utils.XMLSecurityManager$State,5,120
com.sun.org.apache.xerces.internal.utils.XMLSecurityPropertyManager$State,5,120
com.sun.proxy.jdk.proxy1.$Proxy3,5,80
java.io.BufferedInputStream,5,200
java.io.FileInputStream,5,160
java.io.RandomAccessFile$1,5,80
java.lang.invoke.LambdaForm$NamedFunction[ ],5,232
java.lang.invoke.LambdaFormEditor$Transform[ ],5,160
java.lang.invoke.VarHandle$AccessType,5,160
java.lang.module.ModuleDescriptor$Opens,5,120
java.security.MessageDigest$Delegate$CloneableDelegate,5,160
java.util.Arrays$ArrayItr,5,120
java.util.BitSet,5,120
java.util.EnumMap,5,200
java.util.IdentityHashMap$KeySet,5,80
java.util.LinkedHashMap$LinkedEntrySet,5,80
java.util.concurrent.ConcurrentHashMap$EntryIterator,5,280
java.util.concurrent.locks.AbstractQueuedSynchronizer$ConditionNode,5,160
java.util.regex.Pattern,5,440
java.util.regex.Pattern$$Lambda$45.0x0000000100108c20,5,80
java.util.regex.Pattern$BitClass,5,80
java.util.regex.Pattern$Start,5,120
java.util.stream.StreamOpFlag,5,200
java.util.stream.StreamOpFlag$Type,5,120
javax.management.StandardEmitterMBean,5,160
javax.servlet.DispatcherType,5,120
jdk.internal.math.FloatingDecimal$PreparedASCIIToBinaryBuffer,5,120
jdk.net.ExtendedSocketOptions$ExtSocketOption,5,120
org.apache.catalina.core.ApplicationMappingMatch,5,120
org.apache.catalina.valves.AbstractAccessLogValve$FormatType,5,120
org.apache.tomcat.util.collections.SynchronizedStack,5,160
org.apache.tomcat.util.log.UserDataHelper,5,200
org.apache.tomcat.util.threads.TaskThread,5,1880
org.apache.tomcat.util.threads.TaskThread$WrappingRunnable,5,80
org.apache.tomcat.util.threads.ThreadPoolExecutor$Worker,5,240
sun.net.www.protocol.jar.URLJarFile,5,360
sun.nio.fs.NativeBuffer[ ],5,160
sun.nio.fs.WindowsPathType,5,120
sun.util.locale.provider.LocaleProviderAdapter$Type,5,160
sun.util.locale.provider.LocaleResources,5,160
com.jprofiler.agent.probe.f.i$b,4,192
com.jprofiler.agent.util.a.a.b.h$c[ ],4,128
com.sun.jmx.mbeanserver.DefaultMXBeanMappingFactory$ArrayMapping,4,128
com.sun.org.apache.xerces.internal.impl.dtd.XMLEntityDecl,4,160
com.sun.org.apache.xerces.internal.util.XMLAttributesImpl$Attribute[ ],4,160
com.sun.org.apache.xerces.internal.util.XMLResourceIdentifierImpl,4,128
com.sun.xml.internal.stream.Entity$InternalEntity,4,96
java.io.FileInputStream$1,4,64
java.io.ObjectStreamClass,4,480
java.io.ObjectStreamClass$FieldReflector,4,160
java.io.ObjectStreamClass$FieldReflectorKey,4,160
java.io.ObjectStreamClass$WeakClassKey,4,128
java.lang.StringBuffer,4,128
java.lang.StringCoding$Result,4,96
java.lang.Thread[ ],4,192
java.lang.invoke.MethodHandles$Lookup,4,128
java.lang.module.ModuleDescriptor$Modifier,4,96
java.lang.module.ModuleDescriptor$Requires$Modifier,4,96
java.net.URI$Parser,4,128
java.nio.file.LinkOption[ ],4,64
java.util.Calendar$Builder,4,224
java.util.LinkedList$ListItr,4,128
java.util.concurrent.ConcurrentHashMap$EntrySetView,4,64
java.util.regex.Pattern$BmpCharPropertyGreedy,4,96
java.util.regex.Pattern$Qtype,4,96
java.util.stream.FindOps$FindOp,4,128
java.util.stream.StreamShape,4,96
java.util.zip.ZipFile$Source$End,4,160
java.util.zip.ZipFile$ZipFileInflaterInputStream,4,224
java.util.zip.ZipFile$ZipFileInputStream,4,224
javax.management.MBeanConstructorInfo,4,128
javax.xml.catalog.CatalogFeatures$Feature,4,160
jdk.internal.logger.BootstrapLogger$LoggingBackend,4,96
jdk.internal.reflect.UnsafeQualifiedStaticLongFieldAccessorImpl,4,128
org.apache.catalina.WebResourceRoot$ResourceSetType,4,96
org.apache.catalina.startup.ClassLoaderFactory$RepositoryType,4,96
org.apache.catalina.startup.HostConfig$DeployedApplication[ ],4,64
org.apache.catalina.util.StandardSessionIdGenerator,4,224
org.apache.coyote.ErrorState,4,128
org.apache.tomcat.util.IntrospectionUtils$PropertySource[ ],4,96
org.apache.tomcat.util.buf.StringCache$ByteEntry,4,96
org.apache.tomcat.util.descriptor.web.FilterMap[ ],4,80
org.apache.tomcat.util.digester.Digester,4,448
org.apache.tomcat.util.digester.RulesBase,4,128
org.apache.tomcat.util.digester.SystemPropertySource,4,64
org.apache.tomcat.util.http.SameSiteCookies,4,96
org.apache.tomcat.util.log.UserDataHelper$Config,4,96
org.apache.tomcat.util.net.AbstractEndpoint$Acceptor$AcceptorState,4,96
org.apache.tomcat.util.net.AbstractEndpoint$BindState,4,96
sun.net.www.MessageHeader,4,96
sun.net.www.protocol.file.FileURLConnection,4,416
sun.nio.cs.ISO_8859_1$Encoder,4,192
sun.nio.cs.Surrogate$Parser,4,96
sun.nio.fs.WindowsFileAttributeViews$Basic,4,96
sun.nio.fs.WindowsPathParser$Result,4,96
sun.reflect.annotation.AnnotationType,4,128
byte[ ][ ],3,1632
com.jprofiler.agent.mbean.g$a,3,72
com.jprofiler.agent.probe.a.d.f,3,96
com.jprofiler.agent.probe.d.f,3,48
com.jprofiler.agent.probe.i.h,3,72
com.jprofiler.agent.util.a.e,3,168
com.jprofiler.agent.util.a.e$a[ ],3,240
com.jprofiler.api.agent.ProbeObjectType,3,72
com.sun.jmx.mbeanserver.DefaultMXBeanMappingFactory$EnumMapping,3,96
com.sun.org.apache.xerces.internal.impl.dtd.XMLAttributeDecl,3,72
com.sun.org.apache.xerces.internal.impl.dtd.XMLDTDDescription,3,120
com.sun.org.apache.xerces.internal.impl.dv.dtd.ListDatatypeValidator,3,48
com.sun.org.apache.xerces.internal.utils.XMLSecurityManager$NameMap,3,96
java.io.ByteArrayOutputStream,3,72
java.io.FileOutputStream,3,96
java.lang.Object[ ][ ],3,112
java.lang.Runtime$Version,3,96
java.lang.ThreadGroup,3,144
java.lang.WeakPairMap,3,72
java.lang.annotation.Annotation[ ],3,48
java.lang.annotation.RetentionPolicy,3,72
java.lang.invoke.BoundMethodHandle$Species_LLLL,3,144
java.lang.invoke.LambdaForm$BasicType[ ],3,120
java.lang.invoke.LambdaForm[ ],3,624
java.lang.invoke.SimpleMethodHandle,3,96
java.lang.reflect.ProxyGenerator$ProxyMethod,3,120
java.net.SocketTimeoutException,3,120
java.nio.ByteBuffer[ ],3,240
java.nio.DirectByteBuffer$Deallocator,3,96
java.nio.DirectByteBufferR,3,192
java.nio.channels.SelectionKey[ ],3,72
java.nio.channels.spi.AbstractSelector$1,3,48
java.nio.charset.CodingErrorAction,3,48
java.security.AllPermission,3,48
java.security.BasicPermissionCollection,3,72
java.security.DrbgParameters$Capability,3,72
java.security.SecureRandom,3,192
java.text.AttributedCharacterIterator$Attribute,3,48
java.time.Instant,3,72
java.util.LinkedHashMap$LinkedValues,3,48
java.util.Optional,3,48
java.util.ResourceBundle$NoFallbackControl,3,48
java.util.Stack,3,96
java.util.concurrent.ConcurrentSkipListMap,3,144
java.util.concurrent.ConcurrentSkipListSet,3,48
java.util.concurrent.LinkedBlockingDeque,3,120
java.util.logging.Level[ ],3,160
java.util.regex.Pattern$Slice,3,72
java.util.stream.Collector$Characteristics,3,72
javax.management.openmbean.OpenMBeanOperationInfoSupport,3,168
javax.servlet.SessionTrackingMode,3,72
jdk.internal.jimage.ImageBufferCache$BufferReference,3,96
jdk.internal.math.FloatingDecimal$ExceptionalBinaryToASCIIBuffer,3,72
jdk.internal.module.IllegalAccessLogger$Mode,3,72
jdk.internal.module.ServicesCatalog,3,48
jdk.internal.ref.Cleaner,3,120
org.apache.catalina.Session[ ],3,56
org.apache.catalina.authenticator.AuthenticatorBase$AllowCorsPreflight,3,72
org.apache.catalina.core.NamingContextListener,3,144
org.apache.catalina.deploy.NamingResourcesImpl,3,264
org.apache.catalina.mbeans.NamingResourcesMBean,3,144
org.apache.catalina.realm.RealmBase$AllRolesMode,3,48
org.apache.catalina.servlets.DefaultServlet$BomConfig,3,96
org.apache.catalina.valves.AbstractAccessLogValve$DateFormatCache,3,96
org.apache.catalina.valves.AbstractAccessLogValve$DateFormatCache$Cache,3,216
org.apache.coyote.ContinueResponseTiming,3,72
org.apache.coyote.http11.Http11InputBuffer$HeaderParseStatus,3,72
org.apache.tomcat.JarScanType,3,72
org.apache.tomcat.util.buf.EncodedSolidusHandling,3,72
org.apache.tomcat.util.buf.UDecoder$DecodeException,3,120
org.apache.tomcat.util.collections.SynchronizedQueue,3,96
org.apache.tomcat.util.http.ConcurrentDateFormat,3,96
org.apache.tomcat.util.http.parser.SkipResult,3,72
org.apache.tomcat.util.log.UserDataHelper$Mode,3,72
org.apache.tomcat.util.net.NioChannel,3,96
org.apache.tomcat.util.net.NioEndpoint$NioSocketWrapper,3,456
org.apache.tomcat.util.net.SendfileState,3,72
org.apache.tomcat.util.net.SocketBufferHandler,3,72
org.apache.tomcat.util.net.WriteBuffer,3,72
sun.management.ManagementFactoryHelper$1,3,72
sun.nio.ch.AllocatedNativeObject,3,96
sun.nio.ch.PipeImpl,3,72
sun.nio.ch.PollArrayWrapper,3,96
sun.nio.ch.SelectionKeyImpl[ ],3,144
sun.nio.ch.SinkChannelImpl,3,168
sun.nio.ch.SocketDispatcher,3,48
sun.nio.ch.SourceChannelImpl,3,168
sun.nio.ch.Util$2,3,48
sun.nio.ch.Util$BufferCache,3,72
sun.nio.ch.WindowsSelectorImpl,3,408
sun.nio.ch.WindowsSelectorImpl$FdMap,3,144
sun.nio.ch.WindowsSelectorImpl$FinishLock,3,72
sun.nio.ch.WindowsSelectorImpl$StartLock,3,72
sun.nio.ch.WindowsSelectorImpl$SubSelector,3,120
sun.reflect.generics.reflectiveObjects.TypeVariableImpl,3,96
sun.reflect.generics.repository.ClassRepository,3,96
sun.reflect.generics.tree.ClassSignature,3,72
sun.reflect.generics.tree.ClassTypeSignature[ ],3,56
sun.reflect.generics.tree.FormalTypeParameter,3,72
sun.security.provider.SHA,3,168
sun.security.provider.SecureRandom,3,96
com.jprofiler.agent.callee.context.ServletLoaderContextImpl [2 classes],2,80
com.jprofiler.agent.probe.a.a.f,2,48
com.jprofiler.agent.probe.a.a.j,2,48
com.jprofiler.agent.probe.a.a.k,2,48
com.jprofiler.agent.probe.a.ab,2,64
com.jprofiler.agent.probe.a.d.a$a,2,80
com.jprofiler.agent.probe.a.d.d$b,2,176
com.jprofiler.agent.probe.g.d[ ],2,104
com.jprofiler.agent.probe.h.a,2,96
com.jprofiler.agent.probe.i.j$a,2,48
com.jprofiler.agent.probe.l,2,48
com.jprofiler.agent.probe.structures.g,2,144
com.jprofiler.agent.probe.structures.g$a,2,80
com.jprofiler.agent.probe.structures.g$a[ ],2,48
com.jprofiler.agent.util.a.b.w,2,160
com.jprofiler.agent.util.a.c,2,48
com.sun.jmx.mbeanserver.ClassLoaderRepositorySupport$LoaderEntry,2,48
com.sun.jmx.mbeanserver.ClassLoaderRepositorySupport$LoaderEntry[ ],2,40
com.sun.jmx.mbeanserver.DefaultMXBeanMappingFactory$TabularMapping,2,80
com.sun.jmx.mbeanserver.MBeanIntrospector$MBeanInfoMap,2,96
com.sun.jmx.mbeanserver.MBeanIntrospector$PerInterfaceMap,2,96
com.sun.jmx.mbeanserver.WeakIdentityHashMap,2,48
com.sun.management.internal.GarbageCollectorExtImpl,2,96
com.sun.org.apache.xerces.internal.impl.XMLDocumentFragmentScannerImpl$ElementStack,2,96
com.sun.org.apache.xerces.internal.impl.XMLDocumentFragmentScannerImpl$ElementStack2,2,80
com.sun.org.apache.xerces.internal.impl.XMLDocumentScannerImpl$PrologDriver,2,32
com.sun.org.apache.xerces.internal.impl.XMLDocumentScannerImpl$TrailingMiscDriver,2,32
com.sun.org.apache.xerces.internal.impl.XMLDocumentScannerImpl$XMLDeclDriver,2,32
com.sun.org.apache.xerces.internal.impl.dtd.DTDGrammarBucket,2,48
com.sun.org.apache.xerces.internal.impl.dv.dtd.ENTITYDatatypeValidator,2,32
com.sun.org.apache.xerces.internal.impl.validation.ValidationState,2,80
com.sun.org.apache.xerces.internal.jaxp.SAXParserFactoryImpl,2,48
com.sun.org.apache.xerces.internal.util.XMLAttributesIteratorImpl,2,112
com.sun.org.apache.xerces.internal.utils.XMLSecurityManager$State[ ],2,96
com.sun.org.apache.xerces.internal.utils.XMLSecurityPropertyManager$Property,2,64
com.sun.org.apache.xerces.internal.utils.XMLSecurityPropertyManager$State[ ],2,64
com.sun.org.apache.xerces.internal.xni.QName[ ][ ],2,64
com.sun.xml.internal.stream.util.BufferAllocator,2,80
float[ ],2,80
java.io.BufferedOutputStream,2,64
java.io.DataOutputStream,2,80
java.io.File$PathStatus,2,48
java.io.PrintStream,2,80
java.io.PrintWriter,2,80
java.lang.Boolean,2,32
java.lang.ClassValue$Entry,2,64
java.lang.ModuleLayer,2,80
java.lang.Shutdown$Lock,2,32
java.lang.StackTraceElement[ ],2,32
java.lang.StringCoding$StringEncoder,2,64
java.lang.System$Logger$Level[ ],2,96
java.lang.VirtualMachineError,2,80
java.lang.annotation.RetentionPolicy[ ],2,64
java.lang.invoke.BoundMethodHandle$Species_LLLLLLLLL,2,128
java.lang.invoke.MethodHandles$Lookup$ClassOption,2,48
java.lang.invoke.VarHandleBooleans$FieldInstanceReadWrite,2,64
java.lang.invoke.VarHandleLongs$FieldInstanceReadWrite,2,64
java.lang.invoke.VarHandleReferences$Array,2,80
java.lang.management.MemoryType,2,48
java.lang.module.Configuration,2,80
java.lang.ref.ReferenceQueue$Null,2,64
java.lang.reflect.ReflectPermission,2,48
java.lang.reflect.TypeVariable[ ],2,48
java.net.InetSocketAddress[ ],2,48
java.net.StandardProtocolFamily,2,48
java.nio.ByteOrder,2,32
java.nio.DirectIntBufferRU,2,112
java.nio.charset.CoderResult[ ],2,64
java.security.CodeSigner[ ],2,32
java.sql.SQLPermission,2,48
java.text.DateFormat$Field[ ],2,200
java.text.SimpleDateFormat[ ],2,64
java.time.LocalDateTime[ ],2,88
java.time.ZoneOffset[ ],2,80
java.util.Collections$SynchronizedMap,2,64
java.util.Locale$Category,2,80
java.util.PropertyPermission,2,64
java.util.ResourceBundle$SingleFormatControl,2,32
java.util.concurrent.ConcurrentSkipListMap$Node,2,48
java.util.concurrent.ThreadPoolExecutor$Worker,2,96
java.util.jar.JarVerifier,2,176
java.util.logging.Logger$LoggerBundle,2,48
java.util.logging.LoggingPermission,2,48
java.util.regex.Pattern$$Lambda$97.0x00000001001d4410,2,48
java.util.regex.Pattern$BmpCharPredicate$$Lambda$98.0x00000001001d4690,2,48
java.util.regex.Pattern$CharPredicate$$Lambda$48.0x000000010010a700,2,32
java.util.stream.Collector$Characteristics[ ],2,64
java.util.stream.StreamOpFlag$Type[ ],2,80
javax.el.ExpressionFactory$CacheValue,2,48
javax.management.openmbean.TabularType,2,96
javax.servlet.DispatcherType[ ],2,80
javax.servlet.SessionTrackingMode[ ],2,64
jdk.internal.loader.URLClassPath$FileLoader,2,48
jdk.internal.math.FloatingDecimal$BinaryToASCIIBuffer,2,80
jdk.internal.misc.Signal,2,48
jdk.internal.misc.Signal$NativeHandler,2,48
org.apache.catalina.authenticator.NonLoginAuthenticator,2,208
org.apache.catalina.core.ApplicationContext,2,128
org.apache.catalina.core.ApplicationContextFacade,2,48
org.apache.catalina.core.ApplicationFilterConfig,2,80
org.apache.catalina.core.ApplicationSessionCookieConfig,2,80
org.apache.catalina.core.DefaultInstanceManager,2,96
org.apache.catalina.core.StandardContext,2,1072
org.apache.catalina.core.StandardContext$ContextFilterMaps,2,48
org.apache.catalina.core.StandardContext$NoPluggabilityServletContext,2,32
org.apache.catalina.core.StandardContextValve,2,96
org.apache.catalina.core.StandardHost$MemoryLeakTrackingListener,2,32
org.apache.catalina.loader.ParallelWebappClassLoader,2,304
org.apache.catalina.loader.WebappLoader,2,128
org.apache.catalina.mapper.Mapper$ContextVersion,2,128
org.apache.catalina.mapper.Mapper$ContextVersion[ ],2,48
org.apache.catalina.mapper.Mapper$MappedContext,2,48
org.apache.catalina.mapper.Mapper$MappedHost[ ],2,40
org.apache.catalina.mbeans.ContextMBean,2,80
org.apache.catalina.realm.MessageDigestCredentialHandler,2,80
org.apache.catalina.realm.X509SubjectDnRetriever,2,32
org.apache.catalina.servlets.DefaultServlet,2,160
org.apache.catalina.servlets.DefaultServlet$CompressionFormat[ ],2,32
org.apache.catalina.session.StandardManager,2,304
org.apache.catalina.startup.ContextConfig,2,96
org.apache.catalina.util.CharsetMapper,2,32
org.apache.catalina.util.ErrorPageSupport,2,48
org.apache.catalina.util.URLEncoder,2,48
org.apache.catalina.webresources.Cache,2,112
org.apache.catalina.webresources.DirResourceSet,2,112
org.apache.catalina.webresources.StandardRoot,2,160
org.apache.coyote.http11.InputFilter[ ],2,64
org.apache.coyote.http11.OutputFilter[ ],2,64
org.apache.jasper.EmbeddedServletOptions,2,192
org.apache.jasper.compiler.JspConfig,2,80
org.apache.jasper.compiler.JspRuntimeContext,2,176
org.apache.jasper.compiler.TagPluginManager,2,48
org.apache.jasper.compiler.TldCache,2,64
org.apache.jasper.servlet.JasperInitializer,2,32
org.apache.jasper.servlet.JspServlet,2,80
org.apache.naming.StringManager,2,48
org.apache.naming.TransactionRef,2,64
org.apache.tomcat.util.buf.C2BConverter,2,64
org.apache.tomcat.util.buf.UEncoder$SafeCharsSet,2,48
org.apache.tomcat.util.collections.ManagedConcurrentWeakHashMap,2,64
org.apache.tomcat.util.descriptor.LocalResolver,2,48
org.apache.tomcat.util.descriptor.tld.TldParser,2,48
org.apache.tomcat.util.descriptor.tld.TldRuleSet,2,32
org.apache.tomcat.util.descriptor.tld.TldRuleSet$1,2,48
org.apache.tomcat.util.descriptor.tld.TldRuleSet$ScriptVariableRule,2,48
org.apache.tomcat.util.descriptor.tld.TldRuleSet$TagAttributeRule,2,48
org.apache.tomcat.util.descriptor.web.ApplicationParameter[ ],2,32
org.apache.tomcat.util.descriptor.web.FilterDef,2,96
org.apache.tomcat.util.descriptor.web.FilterMap,2,80
org.apache.tomcat.util.descriptor.web.SecurityConstraint[ ],2,32
org.apache.tomcat.util.descriptor.web.ServletDef,2,144
org.apache.tomcat.util.http.MimeHeaderField[ ],2,128
org.apache.tomcat.util.http.MimeHeaders,2,48
org.apache.tomcat.util.http.Rfc6265CookieProcessor,2,32
org.apache.tomcat.util.http.parser.HttpParser,2,48
org.apache.tomcat.util.log.SystemLogHandler,2,80
org.apache.tomcat.util.net.NioEndpoint$Poller,2,96
org.apache.tomcat.util.net.NioEndpoint$SocketProcessor,2,48
org.apache.tomcat.util.scan.StandardJarScanFilter,2,112
org.apache.tomcat.util.scan.StandardJarScanner,2,64
org.apache.tomcat.websocket.server.WsContextListener,2,32
org.apache.tomcat.websocket.server.WsFilter,2,32
org.apache.tomcat.websocket.server.WsSci,2,32
org.apache.tomcat.websocket.server.WsServerContainer,2,192
org.apache.tomcat.websocket.server.WsSessionListener,2,32
org.apache.tomcat.websocket.server.WsWriteTimeout,2,64
org.apache.tomcat.websocket.server.WsWriteTimeout$EndpointComparator,2,32
sun.management.MemoryManagerImpl,2,80
sun.net.www.protocol.file.Handler,2,32
sun.net.www.protocol.jar.Handler,2,32
sun.net.www.protocol.jrt.Handler,2,32
sun.nio.ch.NioSocketImpl,2,160
sun.nio.cs.ISO_8859_1$Decoder,2,80
sun.reflect.generics.scope.ClassScope,2,48
sun.security.jca.ProviderConfig[ ],2,88
sun.security.jca.ProviderList,2,48
sun.security.jca.ProviderList$3,2,48
sun.security.provider.HashDrbg,2,224
sun.security.provider.SHA2$SHA256,2,128
sun.util.locale.provider.LocaleServiceProviderPool,2,48
sun.util.logging.PlatformLogger$Level[ ],2,104
sun.util.resources.LocaleData,2,32
/index.jsp [org.apache.jsp.index_jsp],1,24
char[ ][ ][ ],1,432
com.jprofiler.agent.c.a$1,1,16
com.jprofiler.agent.j,1,24
com.jprofiler.agent.m$1,1,16
com.jprofiler.agent.m$2,1,16
com.jprofiler.agent.mbean.c$1,1,16
com.jprofiler.agent.mbean.c$b,1,24
com.jprofiler.agent.mbean.g,1,32
com.jprofiler.agent.mbean.g$a[ ],1,32
com.jprofiler.agent.probe.JavaCollector,1,72
com.jprofiler.agent.probe.ProbeHandler$1,1,16
com.jprofiler.agent.probe.ProbeHandler$2,1,16
com.jprofiler.agent.probe.ProbeHandler$a,1,376
com.jprofiler.agent.probe.a.a$1,1,24
com.jprofiler.agent.probe.a.a.a,1,56
com.jprofiler.agent.probe.a.a.c,1,56
com.jprofiler.agent.probe.a.a.f[ ],1,24
com.jprofiler.agent.probe.a.a.g$1,1,16
com.jprofiler.agent.probe.a.a.g$2,1,16
com.jprofiler.agent.probe.a.a.g$4,1,16
com.jprofiler.agent.probe.a.a.j[ ],1,24
com.jprofiler.agent.probe.a.a.k[ ],1,24
com.jprofiler.agent.probe.a.a.n,1,72
com.jprofiler.agent.probe.a.ab[ ],1,24
com.jprofiler.agent.probe.a.ac,1,40
com.jprofiler.agent.probe.a.ac$1,1,24
com.jprofiler.agent.probe.a.ac$b,1,32
com.jprofiler.agent.probe.a.b,1,40
com.jprofiler.agent.probe.a.b$1,1,16
com.jprofiler.agent.probe.a.b$b,1,16
com.jprofiler.agent.probe.a.b.f,1,48
com.jprofiler.agent.probe.a.b.f$1,1,24
com.jprofiler.agent.probe.a.c.a,1,40
com.jprofiler.agent.probe.a.c.b,1,40
com.jprofiler.agent.probe.a.c.c,1,40
com.jprofiler.agent.probe.a.c.e,1,40
com.jprofiler.agent.probe.a.c.f,1,40
com.jprofiler.agent.probe.a.c.g,1,32
com.jprofiler.agent.probe.a.c.g$1,1,24
com.jprofiler.agent.probe.a.d.a,1,56
com.jprofiler.agent.probe.a.d.a$1,1,16
com.jprofiler.agent.probe.a.d.d$1,1,24
com.jprofiler.agent.probe.a.d.f[ ],1,32
com.jprofiler.agent.probe.a.d.g,1,56
com.jprofiler.agent.probe.a.d.g$1,1,24
com.jprofiler.agent.probe.a.e,1,40
com.jprofiler.agent.probe.a.g,1,48
com.jprofiler.agent.probe.a.g$1,1,24
com.jprofiler.agent.probe.a.g$2,1,32
com.jprofiler.agent.probe.a.i,1,56
com.jprofiler.agent.probe.a.i$1,1,24
com.jprofiler.agent.probe.a.j,1,48
com.jprofiler.agent.probe.a.k,1,80
com.jprofiler.agent.probe.a.k$1,1,16
com.jprofiler.agent.probe.a.k$2,1,16
com.jprofiler.agent.probe.a.k$4,1,16
com.jprofiler.agent.probe.a.l,1,56
com.jprofiler.agent.probe.a.o$1,1,24
com.jprofiler.agent.probe.a.q,1,48
com.jprofiler.agent.probe.a.q$1,1,24
com.jprofiler.agent.probe.a.s,1,40
com.jprofiler.agent.probe.a.v$1,1,24
com.jprofiler.agent.probe.a.y,1,56
com.jprofiler.agent.probe.a.y$1,1,16
com.jprofiler.agent.probe.a.y$2,1,24
com.jprofiler.agent.probe.a.z,1,64
com.jprofiler.agent.probe.a.z$1,1,24
com.jprofiler.agent.probe.a.z$d,1,16
com.jprofiler.agent.probe.c$1,1,16
com.jprofiler.agent.probe.c.a,1,40
com.jprofiler.agent.probe.c.a$1,1,16
com.jprofiler.agent.probe.d.l[ ],1,16
com.jprofiler.agent.probe.f.b,1,48
com.jprofiler.agent.probe.f.c,1,40
com.jprofiler.agent.probe.f.d,1,48
com.jprofiler.agent.probe.f.f,1,48
com.jprofiler.agent.probe.f.f$1,1,24
com.jprofiler.agent.probe.f.f$a,1,16
com.jprofiler.agent.probe.f.g,1,48
com.jprofiler.agent.probe.f.g$1,1,24
com.jprofiler.agent.probe.f.h,1,40
com.jprofiler.agent.probe.f.i,1,72
com.jprofiler.agent.probe.f.i$1,1,24
com.jprofiler.agent.probe.g.c$c,1,16
com.jprofiler.agent.probe.g.g$a,1,16
com.jprofiler.agent.probe.i.a$c,1,16
com.jprofiler.agent.probe.i.h[ ],1,32
com.jprofiler.agent.probe.i.j,1,16
com.jprofiler.agent.probe.k,1,16
com.jprofiler.agent.probe.n,1,24
com.jprofiler.agent.probe.q,1,24
com.jprofiler.agent.sampler.Sampler,1,368
com.jprofiler.agent.sampler.b,1,96
com.jprofiler.agent.util.ModuleHelper$a,1,16
com.jprofiler.agent.util.a.a.a.a$a,1,16
com.jprofiler.agent.util.a.a.a.a$b,1,16
com.jprofiler.agent.util.a.a.b.e$a,1,24
com.jprofiler.agent.util.a.a.b.e$a[ ],1,24
com.jprofiler.agent.util.a.a.b.h$1,1,16
com.jprofiler.agent.util.a.a.b.h$2,1,16
com.jprofiler.agent.util.a.a.b.h$3,1,16
com.jprofiler.agent.util.a.a.b.h$c$1,1,24
com.jprofiler.agent.util.a.a.b.h$c$2,1,24
com.jprofiler.agent.util.a.a.b.h$c$3,1,24
com.jprofiler.agent.util.a.a.b.h$c$4,1,24
com.jprofiler.agent.util.a.a.b.h$c$5,1,24
com.jprofiler.agent.util.a.a.b.h$c$6,1,24
com.jprofiler.agent.util.a.a.b.h$c$7,1,24
com.jprofiler.agent.util.a.a.b.h$c$8,1,24
com.jprofiler.agent.util.a.a.b.h$c[ ][ ],1,32
com.jprofiler.agent.util.a.a.b.h$e,1,16
com.jprofiler.agent.util.a.a.b.h$s$1,1,24
com.jprofiler.agent.util.a.a.b.h$s$2,1,24
com.jprofiler.agent.util.a.a.b.h$s$3,1,24
com.jprofiler.agent.util.a.a.b.h$s[ ],1,32
com.jprofiler.agent.util.a.b.a.c,1,16
com.jprofiler.agent.util.a.b.ac,1,64
com.jprofiler.agent.util.e,1,24
com.jprofiler.agent.util.f[ ],1,80
com.jprofiler.agent.util.v,1,16
com.jprofiler.agent.util.y,1,88
com.jprofiler.api.agent.ProbeObjectType[ ],1,32
com.sun.jmx.interceptor.DefaultMBeanServerInterceptor,1,40
com.sun.jmx.interceptor.DefaultMBeanServerInterceptor$ResourceContext$1,1,16
com.sun.jmx.mbeanserver.ClassLoaderRepositorySupport,1,24
com.sun.jmx.mbeanserver.DefaultMXBeanMappingFactory,1,16
com.sun.jmx.mbeanserver.DefaultMXBeanMappingFactory$Mappings,1,48
com.sun.jmx.mbeanserver.DescriptorCache,1,16
com.sun.jmx.mbeanserver.JmxMBeanServer,1,40
com.sun.jmx.mbeanserver.MBeanAnalyzer$MethodOrder,1,16
com.sun.jmx.mbeanserver.MBeanInstantiator,1,16
com.sun.jmx.mbeanserver.MBeanServerDelegateImpl,1,40
com.sun.jmx.mbeanserver.MXBeanIntrospector,1,16
com.sun.jmx.mbeanserver.MXBeanLookup,1,24
com.sun.jmx.mbeanserver.Repository,1,32
com.sun.jmx.mbeanserver.SecureClassLoaderRepository,1,16
com.sun.jmx.mbeanserver.StandardMBeanIntrospector,1,16
com.sun.jmx.mbeanserver.StandardMBeanSupport,1,24
com.sun.jmx.remote.util.ClassLogger,1,24
com.sun.management.internal.DiagnosticCommandImpl,1,40
com.sun.management.internal.HotSpotDiagnostic,1,16
com.sun.management.internal.HotSpotThreadImpl,1,24
com.sun.management.internal.OperatingSystemImpl,1,24
com.sun.management.internal.PlatformMBeanProviderImpl,1,16
com.sun.management.internal.PlatformMBeanProviderImpl$$Lambda$14.0x00000001000d6698,1,16
com.sun.management.internal.PlatformMBeanProviderImpl$1,1,24
com.sun.management.internal.PlatformMBeanProviderImpl$2,1,24
com.sun.management.internal.PlatformMBeanProviderImpl$3,1,24
com.sun.management.internal.PlatformMBeanProviderImpl$4,1,24
com.sun.management.internal.PlatformMBeanProviderImpl$5,1,24
com.sun.naming.internal.VersionHelper,1,16
com.sun.naming.internal.VersionHelper$$Lambda$105.0x00000001001f5c38,1,16
com.sun.naming.internal.VersionHelper$$Lambda$107.0x00000001001f7140,1,16
com.sun.naming.internal.VersionHelper$$Lambda$108.0x00000001001f7358,1,16
com.sun.org.apache.xerces.internal.impl.Constants$ArrayEnumeration,1,24
com.sun.org.apache.xerces.internal.impl.XMLDTDScannerImpl,1,200
com.sun.org.apache.xerces.internal.impl.XMLDocumentScannerImpl,1,352
com.sun.org.apache.xerces.internal.impl.XMLDocumentScannerImpl$ContentDriver,1,24
com.sun.org.apache.xerces.internal.impl.XMLDocumentScannerImpl$DTDDriver,1,16
com.sun.org.apache.xerces.internal.impl.XMLEntityManager,1,152
com.sun.org.apache.xerces.internal.impl.XMLEntityScanner,1,64
com.sun.org.apache.xerces.internal.impl.XMLEntityScanner$1,1,40
com.sun.org.apache.xerces.internal.impl.XMLErrorReporter,1,40
com.sun.org.apache.xerces.internal.impl.XMLNSDocumentScannerImpl,1,360
com.sun.org.apache.xerces.internal.impl.XMLNSDocumentScannerImpl$NSContentDriver,1,24
com.sun.org.apache.xerces.internal.impl.XMLScanner$NameType[ ],1,56
com.sun.org.apache.xerces.internal.impl.XMLVersionDetector,1,40
com.sun.org.apache.xerces.internal.impl.dtd.DTDGrammar,1,272
com.sun.org.apache.xerces.internal.impl.dtd.XMLContentSpec,1,24
com.sun.org.apache.xerces.internal.impl.dtd.XMLDTDProcessor,1,96
com.sun.org.apache.xerces.internal.impl.dtd.XMLDTDValidator,1,176
com.sun.org.apache.xerces.internal.impl.dtd.XMLNSDTDValidator,1,176
com.sun.org.apache.xerces.internal.impl.dtd.models.ContentModelValidator[ ],1,1040
com.sun.org.apache.xerces.internal.impl.dtd.models.ContentModelValidator[ ][ ],1,32
com.sun.org.apache.xerces.internal.impl.dv.DatatypeValidator[ ],1,1040
com.sun.org.apache.xerces.internal.impl.dv.DatatypeValidator[ ][ ],1,32
com.sun.org.apache.xerces.internal.impl.dv.dtd.DTDDVFactoryImpl,1,16
com.sun.org.apache.xerces.internal.impl.dv.dtd.IDDatatypeValidator,1,16
com.sun.org.apache.xerces.internal.impl.dv.dtd.IDREFDatatypeValidator,1,16
com.sun.org.apache.xerces.internal.impl.dv.dtd.NMTOKENDatatypeValidator,1,16
com.sun.org.apache.xerces.internal.impl.dv.dtd.NOTATIONDatatypeValidator,1,16
com.sun.org.apache.xerces.internal.impl.dv.dtd.StringDatatypeValidator,1,16
com.sun.org.apache.xerces.internal.impl.msg.XMLMessageFormatter,1,24
com.sun.org.apache.xerces.internal.impl.validation.ValidationManager,1,24
com.sun.org.apache.xerces.internal.jaxp.SAXParserImpl,1,56
com.sun.org.apache.xerces.internal.jaxp.SAXParserImpl$JAXPSAXParser,1,120
com.sun.org.apache.xerces.internal.parsers.AbstractSAXParser$AttributesProxy,1,16
com.sun.org.apache.xerces.internal.parsers.AbstractSAXParser$LocatorProxy,1,24
com.sun.org.apache.xerces.internal.parsers.XIncludeAwareParserConfiguration,1,192
com.sun.org.apache.xerces.internal.util.EntityResolver2Wrapper,1,16
com.sun.org.apache.xerces.internal.util.ErrorHandlerWrapper,1,16
com.sun.org.apache.xerces.internal.util.NamespaceSupport,1,32
com.sun.org.apache.xerces.internal.util.Status[ ],1,40
com.sun.org.apache.xerces.internal.util.SymbolTable,1,40
com.sun.org.apache.xerces.internal.util.SymbolTable$Entry[ ],1,424
com.sun.org.apache.xerces.internal.util.XMLAttributesImpl,1,48
com.sun.org.apache.xerces.internal.utils.XMLLimitAnalyzer,1,40
com.sun.org.apache.xerces.internal.utils.XMLSecurityManager,1,40
com.sun.org.apache.xerces.internal.utils.XMLSecurityManager$Limit[ ],1,56
com.sun.org.apache.xerces.internal.utils.XMLSecurityManager$NameMap[ ],1,32
com.sun.org.apache.xerces.internal.utils.XMLSecurityPropertyManager,1,24
com.sun.org.apache.xerces.internal.utils.XMLSecurityPropertyManager$Property[ ],1,24
com.sun.proxy.$Proxy2,1,16
com.sun.xml.internal.stream.XMLEntityStorage,1,40
java.beans.EventSetDescriptor[ ],1,16
java.beans.Introspector$1,1,16
java.io.CharArrayWriter,1,32
java.io.File$PathStatus[ ],1,24
java.io.FileDescriptor$1,1,16
java.io.FilePermission$1,1,16
java.io.ObjectInputFilter$Config$$Lambda$124.0x000000010023d8a8,1,16
java.io.ObjectInputFilter$Config$$Lambda$125.0x000000010023dcb8,1,16
java.io.ObjectInputStream$$Lambda$122.0x000000010023bf18,1,16
java.io.ObjectInputStream$$Lambda$123.0x000000010023c328,1,16
java.io.RandomAccessFile$2,1,16
java.io.WinNTFileSystem,1,32
java.lang.ApplicationShutdownHooks$1,1,16
java.lang.ArithmeticException,1,40
java.lang.CharacterData00,1,16
java.lang.CharacterDataLatin1,1,16
java.lang.Class$$Lambda$75.0x000000010018ad90,1,16
java.lang.ClassValue$Entry[ ],1,24
java.lang.ClassValue$Identity,1,16
java.lang.ClassValue$Version,1,24
java.lang.Double,1,24
java.lang.Float,1,16
java.lang.InheritableThreadLocal,1,16
java.lang.Long[ ],1,1040
java.lang.Module$$Lambda$1.0x0000000100051160,1,16
java.lang.NullPointerException,1,48
java.lang.OutOfMemoryError[ ],1,32
java.lang.Runnable[ ],1,56
java.lang.Runtime,1,16
java.lang.String$CaseInsensitiveComparator,1,16
java.lang.StringCoding$1,1,16
java.lang.StringCoding$StringDecoder,1,32
java.lang.String[ ][ ][ ],1,32
java.lang.System$2,1,16
java.lang.System$LoggerFinder$$Lambda$59.0x00000001001619c0,1,16
java.lang.Terminator$1,1,16
java.lang.Thread$State[ ],1,40
java.lang.ThreadGroup[ ],1,32
java.lang.Throwable[ ],1,16
java.lang.constant.ClassDesc[ ],1,16
java.lang.invoke.BoundMethodHandle$Specializer,1,56
java.lang.invoke.BoundMethodHandle$Specializer$Factory,1,48
java.lang.invoke.BoundMethodHandle$Species_LLLLL,1,48
java.lang.invoke.BoundMethodHandle$Species_LLLLLLLLLLL,1,72
java.lang.invoke.ClassSpecializer$1,1,16
java.lang.invoke.LambdaForm$Kind[ ],1,280
java.lang.invoke.LambdaForm$Name[ ][ ],1,40
java.lang.invoke.MemberName$Factory,1,16
java.lang.invoke.MethodHandleImpl$1,1,16
java.lang.invoke.MethodHandleImpl$IntrinsicMethodHandle,1,40
java.lang.invoke.MethodHandleImpl$Intrinsic[ ],1,64
java.lang.invoke.MethodHandleNatives$CallSiteContext,1,32
java.lang.invoke.MethodHandles$Lookup$ClassOption[ ],1,24
java.lang.invoke.MethodType$ConcurrentWeakInternSet,1,24
java.lang.invoke.StringConcatFactory$1,1,16
java.lang.invoke.StringConcatFactory$2,1,16
java.lang.invoke.StringConcatFactory$3,1,16
java.lang.invoke.VarHandle$1,1,16
java.lang.invoke.VarHandle$AccessMode[ ],1,144
java.lang.invoke.VarHandle$AccessType[ ],1,40
java.lang.invoke.VarHandleInts$Array,1,32
java.lang.invoke.VarHandles$1,1,24
java.lang.management.DefaultPlatformMBeanProvider,1,16
java.lang.management.DefaultPlatformMBeanProvider$1,1,24
java.lang.management.DefaultPlatformMBeanProvider$10,1,24
java.lang.management.DefaultPlatformMBeanProvider$11,1,24
java.lang.management.DefaultPlatformMBeanProvider$2,1,24
java.lang.management.DefaultPlatformMBeanProvider$3,1,24
java.lang.management.DefaultPlatformMBeanProvider$4,1,24
java.lang.management.DefaultPlatformMBeanProvider$5,1,24
java.lang.management.DefaultPlatformMBeanProvider$5$$Lambda$69.0x0000000100180290,1,16
java.lang.management.DefaultPlatformMBeanProvider$6,1,24
java.lang.management.DefaultPlatformMBeanProvider$7,1,24
java.lang.management.DefaultPlatformMBeanProvider$8,1,24
java.lang.management.DefaultPlatformMBeanProvider$9,1,24
java.lang.management.ManagementFactory$$Lambda$11.0x00000001000d1620,1,16
java.lang.management.ManagementFactory$$Lambda$60.0x00000001001692f8,1,16
java.lang.management.ManagementFactory$$Lambda$61.0x0000000100169540,1,16
java.lang.management.ManagementFactory$$Lambda$62.0x0000000100169778,1,16
java.lang.management.ManagementFactory$PlatformMBeanFinder$$Lambda$12.0x00000001000d2058,1,16
java.lang.management.ManagementFactory$PlatformMBeanFinder$$Lambda$21.0x00000001000e7500,1,16
java.lang.management.ManagementFactory$PlatformMBeanFinder$$Lambda$22.0x00000001000e84f8,1,16
java.lang.management.ManagementFactory$PlatformMBeanFinder$$Lambda$24.0x00000001000e8968,1,16
java.lang.management.ManagementFactory$PlatformMBeanFinder$$Lambda$28.0x00000001000ea798,1,16
java.lang.management.ManagementFactory$PlatformMBeanFinder$$Lambda$29.0x00000001000eafd0,1,16
java.lang.management.MemoryManagerMXBean[ ],1,32
java.lang.management.MemoryPoolMXBean[ ],1,48
java.lang.management.MemoryType[ ],1,24
java.lang.module.ModuleDescriptor$1,1,16
java.lang.module.ModuleDescriptor$Builder$$Lambda$120.0x00000001002388c0,1,16
java.lang.module.ModuleDescriptor$Modifier[ ],1,32
java.lang.module.ModuleDescriptor$Requires$Modifier[ ],1,32
java.lang.module.ModuleDescriptor$Version,1,32
java.lang.ref.Cleaner,1,16
java.lang.ref.Cleaner$1,1,16
java.lang.ref.Finalizer,1,40
java.lang.ref.Finalizer$FinalizerThread,1,376
java.lang.ref.Reference$1,1,16
java.lang.ref.Reference$ReferenceHandler,1,368
java.lang.reflect.Proxy$$Lambda$64.0x000000010017dd60,1,16
java.lang.reflect.Proxy$ProxyBuilder$$Lambda$119.0x0000000100238490,1,16
java.lang.reflect.ProxyGenerator$$Lambda$66.0x000000010017ead0,1,16
java.lang.reflect.ProxyGenerator$$Lambda$67.0x000000010017ed08,1,16
java.lang.reflect.ReflectAccess,1,16
java.math.BigInteger[ ][ ],1,168
java.math.RoundingMode[ ],1,48
java.net.Inet6AddressImpl,1,24
java.net.InetAddress$1,1,16
java.net.InetAddress$CachedAddresses,1,40
java.net.InetAddress$PlatformNameService,1,16
java.net.InetAddress[ ],1,24
java.net.ServerSocket,1,32
java.net.Socket,1,40
java.net.SocketImpl$$Lambda$103.0x00000001001e9678,1,16
java.net.SocketPermission,1,56
java.net.StandardProtocolFamily[ ],1,24
java.net.URI$1,1,16
java.net.URL$3,1,16
java.net.URL$DefaultFactory,1,16
java.net.URLClassLoader,1,96
java.net.URLConnection$1,1,16
java.nio.Bits$1,1,16
java.nio.Buffer$1,1,16
java.nio.channels.spi.SelectorProvider$Holder$$Lambda$100.0x00000001001e5318,1,16
java.nio.file.Files$AcceptAllFilter,1,16
java.nio.file.StandardOpenOption[ ],1,56
java.nio.file.attribute.FileAttribute[ ],1,16
java.security.DrbgParameters$Capability[ ],1,32
java.security.ProtectionDomain$JavaSecurityAccessImpl,1,16
java.security.Provider[ ],1,16
java.security.cert.Certificate[ ],1,16
java.text.DecimalFormatSymbols$$Lambda$88.0x00000001001bf5f8,1,16
java.text.DontCareFieldPosition,1,32
java.text.DontCareFieldPosition$1,1,16
java.text.FieldPosition[ ],1,16
java.time.Clock$SystemClock,1,24
java.time.LocalTime[ ],1,112
java.time.ZoneRegion,1,24
java.time.temporal.ChronoField[ ],1,136
java.time.temporal.ChronoUnit[ ],1,80
java.time.zone.TzdbZoneRulesProvider,1,24
java.time.zone.ZoneOffsetTransitionRule[ ],1,16
java.time.zone.ZoneRules,1,40
java.util.ArrayList$SubList,1,32
java.util.Collections$EmptyEnumeration,1,16
java.util.Collections$EmptyIterator,1,16
java.util.Collections$EmptyList,1,16
java.util.Collections$EmptyMap,1,24
java.util.Collections$EmptySet,1,16
java.util.Collections$SynchronizedCollection,1,24
java.util.Collections$SynchronizedSet,1,24
java.util.EnumMap$1,1,16
java.util.Hashtable$KeySet,1,16
java.util.IdentityHashMap$Values,1,16
java.util.Locale$Builder,1,16
java.util.Locale$Cache,1,24
java.util.Locale$Category[ ],1,24
java.util.Map[ ],1,56
java.util.OptionalInt,1,24
java.util.Random,1,32
java.util.ResourceBundle$1,1,16
java.util.ResourceBundle$2,1,40
java.util.ResourceBundle$Control,1,16
java.util.ResourceBundle$Control$CandidateListCache,1,24
java.util.ResourceBundle$ResourceBundleControlProviderHolder$$Lambda$49.0x0000000100111738,1,16
java.util.ResourceBundle$ResourceBundleControlProviderHolder$$Lambda$50.0x0000000100111de0,1,16
java.util.Spliterators$EmptySpliterator$OfDouble,1,16
java.util.Spliterators$EmptySpliterator$OfInt,1,16
java.util.Spliterators$EmptySpliterator$OfLong,1,16
java.util.Spliterators$EmptySpliterator$OfRef,1,16
java.util.TreeMap$Values,1,16
java.util.concurrent.ConcurrentSkipListMap$Index,1,24
java.util.concurrent.ConcurrentSkipListMap$KeySet,1,16
java.util.concurrent.CopyOnWriteArraySet,1,16
java.util.concurrent.CountDownLatch,1,16
java.util.concurrent.CountDownLatch$Sync,1,32
java.util.concurrent.ForkJoinPool,1,328
java.util.concurrent.ForkJoinPool$DefaultForkJoinWorkerThreadFactory,1,16
java.util.concurrent.ForkJoinPool$WorkQueue[ ],1,48
java.util.concurrent.ThreadLocalRandom,1,32
java.util.concurrent.ThreadPoolExecutor$AbortPolicy,1,16
java.util.concurrent.TimeUnit[ ],1,48
java.util.concurrent.atomic.AtomicReference,1,16
java.util.concurrent.atomic.LongAdder,1,32
java.util.concurrent.locks.ReentrantReadWriteLock$FairSync,1,48
java.util.function.Function$$Lambda$23.0x00000001000e8730,1,16
java.util.jar.JavaUtilJarAccessImpl,1,16
java.util.logging.ConsoleHandler,1,48
java.util.logging.ErrorManager,1,16
java.util.logging.Handler[ ],1,16
java.util.logging.Level$$Lambda$41.0x00000001000f6680,1,16
java.util.logging.Level$KnownLevel$$Lambda$34.0x00000001000ee8a0,1,16
java.util.logging.Level$KnownLevel$$Lambda$36.0x00000001000eecf0,1,16
java.util.logging.Level$KnownLevel$$Lambda$42.0x00000001000f6d70,1,16
java.util.logging.LogManager,1,56
java.util.logging.LogManager$Cleaner,1,376
java.util.logging.LogManager$CloseOnReset,1,16
java.util.logging.LogManager$LoggerContext,1,24
java.util.logging.LogManager$LoggingProviderAccess,1,16
java.util.logging.LogManager$RootLogger,1,64
java.util.logging.LogManager$SystemLoggerContext,1,32
java.util.logging.LogManager$VisitedLoggers,1,16
java.util.logging.Logging,1,16
java.util.logging.SimpleFormatter,1,16
java.util.logging.SimpleFormatter$$Lambda$20.0x00000001000e9c00,1,16
java.util.regex.CharPredicates$$Lambda$96.0x00000001001d3f60,1,16
java.util.regex.CharPredicates$$Lambda$99.0x00000001001e4368,1,16
java.util.regex.Pattern$CharProperty,1,24
java.util.regex.Pattern$CharPropertyGreedy,1,24
java.util.regex.Pattern$GroupCurly,1,48
java.util.regex.Pattern$LastNode,1,16
java.util.regex.Pattern$Node,1,16
java.util.regex.Pattern$Qtype[ ],1,32
java.util.stream.Collectors$$Lambda$15.0x00000001000de588,1,16
java.util.stream.Collectors$$Lambda$16.0x00000001000de998,1,16
java.util.stream.Collectors$$Lambda$17.0x00000001000df010,1,16
java.util.stream.Collectors$$Lambda$18.0x00000001000df250,1,16
java.util.stream.Collectors$$Lambda$25.0x00000001000e8ba8,1,16
java.util.stream.Collectors$$Lambda$38.0x00000001000ef418,1,16
java.util.stream.Collectors$$Lambda$39.0x00000001000ef630,1,16
java.util.stream.Collectors$$Lambda$40.0x00000001000efa48,1,16
java.util.stream.Collectors$$Lambda$70.0x00000001001804c8,1,16
java.util.stream.Collectors$$Lambda$72.0x0000000100180910,1,16
java.util.stream.Collectors$$Lambda$77.0x000000010018b1e8,1,16
java.util.stream.Collectors$$Lambda$78.0x000000010018b410,1,16
java.util.stream.Collectors$$Lambda$79.0x000000010018b650,1,16
java.util.stream.FindOps$FindSink$OfInt$$Lambda$89.0x00000001001c0e60,1,16
java.util.stream.FindOps$FindSink$OfInt$$Lambda$90.0x00000001001c10a8,1,16
java.util.stream.FindOps$FindSink$OfInt$$Lambda$91.0x00000001001c12c0,1,16
java.util.stream.FindOps$FindSink$OfInt$$Lambda$92.0x00000001001c1508,1,16
java.util.stream.FindOps$FindSink$OfRef$$Lambda$31.0x00000001000edda8,1,16
java.util.stream.FindOps$FindSink$OfRef$$Lambda$32.0x00000001000ee210,1,16
java.util.stream.FindOps$FindSink$OfRef$$Lambda$33.0x00000001000ee658,1,16
java.util.stream.FindOps$FindSink$OfRef$$Lambda$35.0x00000001000eead8,1,16
java.util.stream.StreamOpFlag[ ],1,40
java.util.stream.StreamShape[ ],1,32
java.util.zip.ZipCoder$UTF8ZipCoder,1,32
java.util.zip.ZipFile$1,1,16
javax.el.ExpressionFactory$CacheKey,1,24
javax.el.Util$CacheValue,1,24
javax.management.JMX,1,16
javax.management.MBeanServerBuilder,1,16
javax.management.NotificationBroadcasterSupport$1,1,16
javax.management.openmbean.SimpleType[ ],1,72
javax.naming.spi.NamingManager$$Lambda$112.0x00000001001f8dc0,1,16
javax.naming.spi.NamingManager$$Lambda$114.0x00000001001fc0c8,1,16
javax.servlet.jsp.PageContext[ ],1,48
javax.websocket.CloseReason,1,24
javax.websocket.CloseReason$CloseCodes[ ],1,80
javax.xml.catalog.CatalogFeatures$Feature[ ],1,32
jdk.internal.jimage.ImageBufferCache$1,1,16
jdk.internal.jimage.ImageBufferCache$2,1,16
jdk.internal.jimage.ImageBufferCache$BufferReference[ ],1,32
jdk.internal.jimage.ImageHeader,1,48
jdk.internal.jimage.ImageReader,1,24
jdk.internal.jimage.ImageReader$SharedImageReader,1,96
jdk.internal.jimage.ImageReaderFactory$1,1,16
jdk.internal.jimage.ImageStringsReader,1,16
jdk.internal.jimage.decompressor.Decompressor,1,16
jdk.internal.loader.ClassLoaders$AppClassLoader,1,112
jdk.internal.loader.ClassLoaders$BootClassLoader,1,104
jdk.internal.loader.ClassLoaders$PlatformClassLoader,1,104
jdk.internal.logger.BootstrapLogger$LoggingBackend[ ],1,32
jdk.internal.logger.BootstrapLogger$RedirectedLoggers,1,24
jdk.internal.logger.LazyLoggers$1,1,16
jdk.internal.logger.LazyLoggers$LazyLoggerFactories,1,16
jdk.internal.math.FloatingDecimal$1,1,16
jdk.internal.misc.InnocuousThread,1,376
jdk.internal.misc.TerminatingThreadLocal$1,1,16
jdk.internal.misc.Unsafe,1,16
jdk.internal.module.ArchivedModuleGraph,1,40
jdk.internal.module.IllegalAccessLogger,1,32
jdk.internal.module.IllegalAccessLogger$Mode[ ],1,32
jdk.internal.module.ModuleHashes,1,24
jdk.internal.module.ModuleLoaderMap$Mapper,1,16
jdk.internal.module.ModulePatcher,1,16
jdk.internal.module.ModuleTarget,1,16
jdk.internal.module.SystemModuleFinders$SystemModuleFinder,1,24
jdk.internal.org.objectweb.asm.Label,1,56
jdk.internal.perf.Perf,1,16
jdk.internal.ref.CleanerImpl,1,32
jdk.internal.ref.CleanerImpl$CleanerCleanable,1,40
jdk.internal.ref.CleanerImpl$SoftCleanableRef,1,56
jdk.internal.ref.CleanerImpl$WeakCleanableRef,1,48
jdk.internal.reflect.GeneratedConstructorAccessor1,1,16
jdk.internal.reflect.GeneratedConstructorAccessor2,1,16
jdk.internal.reflect.GeneratedConstructorAccessor3,1,16
jdk.internal.reflect.GeneratedConstructorAccessor4,1,16
jdk.internal.reflect.GeneratedConstructorAccessor5,1,16
jdk.internal.reflect.GeneratedConstructorAccessor6,1,16
jdk.internal.reflect.GeneratedConstructorAccessor7,1,16
jdk.internal.reflect.GeneratedConstructorAccessor8,1,16
jdk.internal.reflect.GeneratedConstructorAccessor9,1,16
jdk.internal.reflect.GeneratedMethodAccessor1,1,16
jdk.internal.reflect.GeneratedMethodAccessor10,1,16
jdk.internal.reflect.GeneratedMethodAccessor11,1,16
jdk.internal.reflect.GeneratedMethodAccessor12,1,16
jdk.internal.reflect.GeneratedMethodAccessor13,1,16
jdk.internal.reflect.GeneratedMethodAccessor14,1,16
jdk.internal.reflect.GeneratedMethodAccessor15,1,16
jdk.internal.reflect.GeneratedMethodAccessor16,1,16
jdk.internal.reflect.GeneratedMethodAccessor17,1,16
jdk.internal.reflect.GeneratedMethodAccessor18,1,16
jdk.internal.reflect.GeneratedMethodAccessor19,1,16
jdk.internal.reflect.GeneratedMethodAccessor2,1,16
jdk.internal.reflect.GeneratedMethodAccessor20,1,16
jdk.internal.reflect.GeneratedMethodAccessor21,1,16
jdk.internal.reflect.GeneratedMethodAccessor22,1,16
jdk.internal.reflect.GeneratedMethodAccessor3,1,16
jdk.internal.reflect.GeneratedMethodAccessor4,1,16
jdk.internal.reflect.GeneratedMethodAccessor5,1,16
jdk.internal.reflect.GeneratedMethodAccessor6,1,16
jdk.internal.reflect.GeneratedMethodAccessor7,1,16
jdk.internal.reflect.GeneratedMethodAccessor8,1,16
jdk.internal.reflect.GeneratedMethodAccessor9,1,16
jdk.internal.reflect.GeneratedSerializationConstructorAccessor1,1,16
jdk.internal.reflect.GeneratedSerializationConstructorAccessor2,1,16
jdk.internal.reflect.GeneratedSerializationConstructorAccessor3,1,16
jdk.internal.reflect.GeneratedSerializationConstructorAccessor4,1,16
jdk.internal.reflect.ReflectionFactory,1,16
jdk.internal.util.Preconditions$1,1,16
jdk.management.jfr.FlightRecorderMXBeanImpl,1,48
jdk.management.jfr.SettingDescriptorInfo$1,1,16
jdk.management.jfr.StreamManager,1,24
jdk.management.jfr.internal.FlightRecorderMXBeanProvider$SingleMBeanComponent,1,24
jdk.net.ExtendedSocketOptions$1,1,32
jdk.net.ExtendedSocketOptions$PlatformSocketOptions,1,16
jdk.xml.internal.SecuritySupport$$Lambda$56.0x0000000100121ad8,1,16
org.apache.catalina.AccessLog[ ],1,24
org.apache.catalina.LifecycleState[ ],1,64
org.apache.catalina.Service[ ],1,24
org.apache.catalina.WebResourceRoot$ResourceSetType[ ],1,32
org.apache.catalina.authenticator.AuthenticatorBase$AllowCorsPreflight[ ],1,32
org.apache.catalina.authenticator.AuthenticatorBase$NoOpAuthConfigProvider,1,16
org.apache.catalina.authenticator.jaspic.AuthConfigFactoryImpl,1,32
org.apache.catalina.connector.Connector,1,128
org.apache.catalina.connector.Connector[ ],1,24
org.apache.catalina.connector.CoyoteAdapter,1,16
org.apache.catalina.connector.CoyoteAdapter$1,1,16
org.apache.catalina.connector.CoyoteInputStream,1,16
org.apache.catalina.connector.CoyoteOutputStream,1,16
org.apache.catalina.connector.CoyoteReader,1,56
org.apache.catalina.connector.CoyoteWriter,1,40
org.apache.catalina.connector.InputBuffer,1,72
org.apache.catalina.connector.OutputBuffer,1,72
org.apache.catalina.connector.Request,1,176
org.apache.catalina.connector.Request$1,1,16
org.apache.catalina.connector.Request$2,1,16
org.apache.catalina.connector.Request$3,1,16
org.apache.catalina.connector.Request$4,1,16
org.apache.catalina.connector.Request$5,1,16
org.apache.catalina.connector.Request$6,1,16
org.apache.catalina.connector.Request$7,1,16
org.apache.catalina.connector.Request$8,1,16
org.apache.catalina.connector.Request$9,1,16
org.apache.catalina.connector.RequestFacade,1,16
org.apache.catalina.connector.Response,1,64
org.apache.catalina.connector.ResponseFacade,1,16
org.apache.catalina.core.AccessLogAdapter,1,16
org.apache.catalina.core.ApplicationFilterChain,1,32
org.apache.catalina.core.ApplicationFilterConfig[ ],1,56
org.apache.catalina.core.ApplicationMapping,1,24
org.apache.catalina.core.ApplicationMappingMatch[ ],1,40
org.apache.catalina.core.AprLifecycleListener,1,16
org.apache.catalina.core.ContainerBase$ContainerBackgroundProcessor,1,16
org.apache.catalina.core.DefaultInstanceManager$AnnotationCacheEntry[ ],1,16
org.apache.catalina.core.JreMemoryLeakPreventionListener,1,32
org.apache.catalina.core.StandardContext$1,1,16
org.apache.catalina.core.StandardEngine,1,128
org.apache.catalina.core.StandardEngineValve,1,48
org.apache.catalina.core.StandardHost,1,168
org.apache.catalina.core.StandardHostValve,1,48
org.apache.catalina.core.StandardServer,1,112
org.apache.catalina.core.StandardService,1,80
org.apache.catalina.core.ThreadLocalLeakPreventionListener,1,16
org.apache.catalina.mapper.Mapper,1,32
org.apache.catalina.mapper.Mapper$ContextList,1,24
org.apache.catalina.mapper.Mapper$MappedContext[ ],1,24
org.apache.catalina.mapper.Mapper$MappedHost,1,32
org.apache.catalina.mapper.MapperListener,1,48
org.apache.catalina.mapper.MappingData,1,64
org.apache.catalina.mbeans.ClassNameMBean,1,40
org.apache.catalina.mbeans.ConnectorMBean,1,40
org.apache.catalina.mbeans.ContextResourceMBean,1,40
org.apache.catalina.mbeans.GlobalResourcesLifecycleListener,1,16
org.apache.catalina.mbeans.MBeanFactory,1,16
org.apache.catalina.mbeans.MemoryUserDatabaseMBean,1,56
org.apache.catalina.mbeans.ServiceMBean,1,40
org.apache.catalina.realm.LockOutRealm,1,96
org.apache.catalina.realm.LockOutRealm$1,1,64
org.apache.catalina.realm.UserDatabaseRealm,1,88
org.apache.catalina.security.SecurityConfig,1,24
org.apache.catalina.servlets.DefaultServlet$BomConfig[ ],1,32
org.apache.catalina.servlets.DefaultServlet$Range,1,40
org.apache.catalina.session.StandardSession,1,88
org.apache.catalina.session.StandardSessionFacade,1,16
org.apache.catalina.startup.Bootstrap,1,32
org.apache.catalina.startup.Catalina,1,32
org.apache.catalina.startup.Catalina$CatalinaShutdownHook,1,376
org.apache.catalina.startup.ClassLoaderFactory$RepositoryType[ ],1,32
org.apache.catalina.startup.ContextConfig$DefaultWebXmlCacheEntry,1,32
org.apache.catalina.startup.ContextConfig$HostWebXmlCacheCleaner,1,16
org.apache.catalina.startup.EngineConfig,1,16
org.apache.catalina.startup.HostConfig,1,56
org.apache.catalina.startup.VersionLoggerListener,1,16
org.apache.catalina.users.MemoryUserDatabase,1,64
org.apache.catalina.util.ParameterMap,1,24
org.apache.catalina.valves.AbstractAccessLogValve$1,1,16
org.apache.catalina.valves.AbstractAccessLogValve$2,1,16
org.apache.catalina.valves.AbstractAccessLogValve$AccessLogElement[ ],1,72
org.apache.catalina.valves.AbstractAccessLogValve$ByteSentElement,1,16
org.apache.catalina.valves.AbstractAccessLogValve$CachedElement[ ],1,24
org.apache.catalina.valves.AbstractAccessLogValve$DateAndTimeElement,1,32
org.apache.catalina.valves.AbstractAccessLogValve$FormatType[ ],1,40
org.apache.catalina.valves.AbstractAccessLogValve$HostElement,1,16
org.apache.catalina.valves.AbstractAccessLogValve$HttpStatusCodeElement,1,16
org.apache.catalina.valves.AbstractAccessLogValve$LogicalUserNameElement,1,16
org.apache.catalina.valves.AbstractAccessLogValve$RequestElement,1,16
org.apache.catalina.valves.AbstractAccessLogValve$UserElement,1,16
org.apache.catalina.valves.AccessLogValve,1,144
org.apache.catalina.valves.ErrorReportValve,1,48
org.apache.catalina.webresources.CachedResource$CachedResourceURLStreamHandler,1,32
org.apache.catalina.webresources.JarResourceSet,1,80
org.apache.catalina.webresources.TomcatURLStreamHandlerFactory,1,24
org.apache.coyote.AbstractProtocol$AsyncTimeout,1,24
org.apache.coyote.AbstractProtocol$ConnectionHandler,1,32
org.apache.coyote.AbstractProtocol$RecycledProcessors,1,40
org.apache.coyote.ActionCode[ ],1,200
org.apache.coyote.AsyncStateMachine,1,40
org.apache.coyote.AsyncStateMachine$AsyncState[ ],1,72
org.apache.coyote.CompressionConfig,1,40
org.apache.coyote.ContinueResponseTiming[ ],1,32
org.apache.coyote.ErrorState[ ],1,32
org.apache.coyote.Request,1,192
org.apache.coyote.RequestGroupInfo,1,56
org.apache.coyote.RequestInfo,1,88
org.apache.coyote.Response,1,104
org.apache.coyote.http11.Http11InputBuffer,1,88
org.apache.coyote.http11.Http11InputBuffer$HeaderParseData,1,32
org.apache.coyote.http11.Http11InputBuffer$HeaderParsePosition[ ],1,40
org.apache.coyote.http11.Http11InputBuffer$HeaderParseStatus[ ],1,32
org.apache.coyote.http11.Http11InputBuffer$SocketInputBuffer,1,16
org.apache.coyote.http11.Http11NioProtocol,1,144
org.apache.coyote.http11.Http11OutputBuffer,1,56
org.apache.coyote.http11.Http11OutputBuffer$SocketOutputBuffer,1,16
org.apache.coyote.http11.Http11Processor,1,128
org.apache.coyote.http11.filters.BufferedInputFilter,1,32
org.apache.coyote.http11.filters.ChunkedInputFilter,1,64
org.apache.coyote.http11.filters.ChunkedOutputFilter,1,24
org.apache.coyote.http11.filters.GzipOutputFilter,1,24
org.apache.coyote.http11.filters.GzipOutputFilter$FakeOutputStream,1,24
org.apache.coyote.http11.filters.IdentityInputFilter,1,40
org.apache.coyote.http11.filters.IdentityOutputFilter,1,32
org.apache.coyote.http11.filters.VoidInputFilter,1,16
org.apache.coyote.http11.filters.VoidOutputFilter,1,16
org.apache.el.ExpressionFactoryImpl,1,16
org.apache.jasper.JspCompilationContext,1,112
org.apache.jasper.compiler.JDTCompiler,1,48
org.apache.jasper.runtime.BodyContentImpl[ ],1,16
org.apache.jasper.runtime.JspApplicationContextImpl,1,32
org.apache.jasper.runtime.JspFactoryImpl,1,16
org.apache.jasper.runtime.JspFactoryImpl$PageContextPool,1,24
org.apache.jasper.runtime.JspWriterImpl,1,48
org.apache.jasper.runtime.PageContextImpl,1,72
org.apache.jasper.servlet.JasperLoader,1,104
org.apache.jasper.servlet.JspServletWrapper,1,96
org.apache.juli.logging.LogFactory,1,16
org.apache.naming.NameParserImpl,1,16
org.apache.naming.java.javaURLContextFactory,1,16
org.apache.tomcat.JarScanType[ ],1,32
org.apache.tomcat.util.buf.B2CConverter,1,32
org.apache.tomcat.util.buf.CharsetCache,1,16
org.apache.tomcat.util.buf.CharsetCache$DummyCharset,1,24
org.apache.tomcat.util.buf.EncodedSolidusHandling[ ],1,32
org.apache.tomcat.util.buf.MessageBytes$MessageBytesFactory,1,16
org.apache.tomcat.util.buf.StringCache,1,16
org.apache.tomcat.util.buf.UDecoder,1,16
org.apache.tomcat.util.buf.UEncoder,1,32
org.apache.tomcat.util.buf.UEncoder$SafeCharsSet[ ],1,24
org.apache.tomcat.util.buf.Utf8Decoder,1,40
org.apache.tomcat.util.collections.ConcurrentCache,1,24
org.apache.tomcat.util.compat.Jre9Compat,1,16
org.apache.tomcat.util.descriptor.web.ContextResource,1,56
org.apache.tomcat.util.descriptor.web.LoginConfig,1,32
org.apache.tomcat.util.descriptor.web.SessionConfig,1,48
org.apache.tomcat.util.descriptor.web.WebXml,1,184
org.apache.tomcat.util.digester.Digester$EntityResolver2Wrapper,1,32
org.apache.tomcat.util.http.ConcurrentDateFormat[ ],1,32
org.apache.tomcat.util.http.CookieProcessorBase$1,1,16
org.apache.tomcat.util.http.Parameters,1,72
org.apache.tomcat.util.http.SameSiteCookies[ ],1,32
org.apache.tomcat.util.http.ServerCookie,1,40
org.apache.tomcat.util.http.ServerCookie[ ],1,32
org.apache.tomcat.util.http.ServerCookies,1,24
org.apache.tomcat.util.http.parser.HttpParser$DomainParseState[ ],1,48
org.apache.tomcat.util.http.parser.MediaTypeCache,1,16
org.apache.tomcat.util.http.parser.SkipResult[ ],1,32
org.apache.tomcat.util.log.UserDataHelper$Config[ ],1,32
org.apache.tomcat.util.log.UserDataHelper$Mode[ ],1,32
org.apache.tomcat.util.modeler.Registry,1,48
org.apache.tomcat.util.net.AbstractEndpoint$Acceptor$AcceptorState[ ],1,32
org.apache.tomcat.util.net.AbstractEndpoint$Acceptor[ ],1,24
org.apache.tomcat.util.net.AbstractEndpoint$BindState[ ],1,32
org.apache.tomcat.util.net.AbstractEndpoint$Handler$SocketState[ ],1,48
org.apache.tomcat.util.net.NioBlockingSelector,1,24
org.apache.tomcat.util.net.NioBlockingSelector$BlockPoller,1,384
org.apache.tomcat.util.net.NioBlockingSelector$KeyReference,1,16
org.apache.tomcat.util.net.NioEndpoint,1,192
org.apache.tomcat.util.net.NioEndpoint$Acceptor,1,24
org.apache.tomcat.util.net.NioEndpoint$PollerEvent,1,24
org.apache.tomcat.util.net.NioEndpoint$Poller[ ],1,24
org.apache.tomcat.util.net.NioSelectorPool,1,56
org.apache.tomcat.util.net.SendfileState[ ],1,32
org.apache.tomcat.util.net.SocketEvent[ ],1,48
org.apache.tomcat.util.net.SocketProperties,1,104
org.apache.tomcat.util.net.SocketWrapperBase$1,1,16
org.apache.tomcat.util.net.SocketWrapperBase$2,1,16
org.apache.tomcat.util.net.SocketWrapperBase$3,1,16
org.apache.tomcat.util.threads.LimitLatch,1,32
org.apache.tomcat.util.threads.LimitLatch$Sync,1,32
org.apache.tomcat.util.threads.TaskQueue,1,56
org.apache.tomcat.util.threads.TaskThreadFactory,1,32
org.apache.tomcat.util.threads.ThreadPoolExecutor,1,96
org.apache.tomcat.util.threads.ThreadPoolExecutor$RejectPolicy,1,16
org.apache.tomcat.websocket.WsExtension,1,24
sun.management.ClassLoadingImpl,1,16
sun.management.CompilationImpl,1,24
sun.management.ManagementFactoryHelper$$Lambda$73.0x00000001001871a0,1,16
sun.management.ManagementFactoryHelper$LoggingMXBeanAccess,1,24
sun.management.ManagementFactoryHelper$PlatformLoggingImpl,1,24
sun.management.MemoryImpl,1,24
sun.management.RuntimeImpl,1,24
sun.management.VMManagementImpl,1,24
sun.net.DefaultProgressMeteringPolicy,1,16
sun.net.ProgressMonitor,1,24
sun.net.www.MimeTable,1,24
sun.net.www.protocol.jar.JarFileFactory,1,16
sun.net.www.protocol.jrt.JavaRuntimeURLConnection$$Lambda$121.0x000000010023a458,1,16
sun.nio.ch.DefaultSelectorProvider$$Lambda$101.0x00000001001e5bd0,1,16
sun.nio.ch.ExtendedSocketOption$1,1,16
sun.nio.ch.FileChannelImpl$1,1,16
sun.nio.ch.FileChannelImpl$2,1,16
sun.nio.ch.Net$1,1,16
sun.nio.ch.NioSocketImpl$$Lambda$126.0x000000010024d468,1,16
sun.nio.ch.ServerSocketAdaptor,1,40
sun.nio.ch.ServerSocketChannelImpl,1,88
sun.nio.ch.Util$1,1,16
sun.nio.ch.WindowsSelectorProvider,1,16
sun.nio.cs.ISO_8859_1,1,24
sun.nio.cs.MS1252,1,24
sun.nio.cs.StandardCharsets,1,24
sun.nio.cs.StandardCharsets$Aliases,1,40
sun.nio.cs.StandardCharsets$Cache,1,40
sun.nio.cs.StandardCharsets$Classes,1,40
sun.nio.cs.ThreadLocalCoders$1,1,24
sun.nio.cs.ThreadLocalCoders$2,1,24
sun.nio.cs.US_ASCII,1,24
sun.nio.cs.UTF_16,1,24
sun.nio.cs.UTF_16BE,1,24
sun.nio.cs.UTF_16LE,1,24
sun.nio.cs.UTF_16LE$Decoder,1,56
sun.nio.cs.UTF_8,1,24
sun.nio.cs.UTF_8$Decoder,1,40
sun.nio.cs.UTF_8$Encoder,1,48
sun.nio.fs.NativeBuffers$1,1,16
sun.nio.fs.WindowsFileSystem,1,24
sun.nio.fs.WindowsFileSystemProvider,1,16
sun.nio.fs.WindowsPathType[ ],1,40
sun.reflect.generics.tree.LongSignature,1,16
sun.reflect.generics.tree.TypeVariableSignature,1,16
sun.reflect.generics.tree.VoidDescriptor,1,16
sun.security.jca.ProviderList$1,1,104
sun.security.provider.AbstractDrbg$$Lambda$5.0x00000001000b9550,1,16
sun.security.provider.AbstractDrbg$SeederHolder$$Lambda$6.0x00000001000c2ec0,1,16
sun.security.provider.DRBG,1,24
sun.security.provider.DRBG$$Lambda$4.0x00000001000b8040,1,16
sun.security.provider.MoreDrbgParameters,1,48
sun.security.provider.NativeSeedGenerator,1,16
sun.security.provider.Sun,1,104
sun.security.util.KnownOIDs$$Lambda$3.0x00000001000b6e98,1,16
sun.security.util.KnownOIDs$1,1,32
sun.security.util.KnownOIDs$10,1,32
sun.security.util.KnownOIDs$2,1,32
sun.security.util.KnownOIDs$3,1,32
sun.security.util.KnownOIDs$4,1,32
sun.security.util.KnownOIDs$5,1,32
sun.security.util.KnownOIDs$6,1,32
sun.security.util.KnownOIDs$7,1,32
sun.security.util.KnownOIDs$8,1,32
sun.security.util.KnownOIDs$9,1,32
sun.security.util.KnownOIDs[ ],1,1048
sun.text.resources.cldr.FormatData,1,40
sun.text.resources.cldr.FormatData_en,1,40
sun.text.resources.cldr.ext.FormatData_en_001,1,40
sun.text.resources.cldr.ext.FormatData_en_IN,1,40
sun.util.calendar.Gregorian,1,16
sun.util.cldr.CLDRBaseLocaleDataMetaInfo,1,16
sun.util.cldr.CLDRCalendarDataProviderImpl,1,24
sun.util.cldr.CLDRLocaleProviderAdapter,1,80
sun.util.cldr.CLDRTimeZoneNameProviderImpl,1,24
sun.util.locale.BaseLocale$Cache,1,24
sun.util.locale.BaseLocale[ ],1,96
sun.util.locale.InternalLocaleBuilder,1,40
sun.util.locale.InternalLocaleBuilder$CaseInsensitiveChar,1,16
sun.util.locale.provider.CalendarDataUtility$CalendarWeekParameterGetter,1,16
sun.util.locale.provider.CalendarProviderImpl,1,24
sun.util.locale.provider.DateFormatSymbolsProviderImpl,1,24
sun.util.locale.provider.DecimalFormatSymbolsProviderImpl,1,24
sun.util.locale.provider.JRELocaleProviderAdapter,1,80
sun.util.locale.provider.LocaleProviderAdapter$Type[ ],1,40
sun.util.locale.provider.NumberFormatProviderImpl,1,24
sun.util.locale.provider.NumberFormatProviderImpl$$Lambda$85.0x00000001001bd8b0,1,16
sun.util.locale.provider.NumberFormatProviderImpl$$Lambda$86.0x00000001001bdae8,1,16
sun.util.locale.provider.TimeZoneNameProviderImpl,1,24
sun.util.locale.provider.TimeZoneNameUtility$TimeZoneNameGetter,1,16
sun.util.logging.internal.LoggingProviderImpl,1,16
sun.util.logging.resources.logging,1,40
sun.util.resources.Bundles$1,1,40
sun.util.resources.LocaleData$LocaleDataStrategy,1,16
sun.util.resources.TimeZoneNames,1,48
sun.util.resources.TimeZoneNames_en,1,48
sun.util.resources.cldr.CalendarData,1,40
sun.util.resources.cldr.TimeZoneNames,1,48
sun.util.resources.cldr.TimeZoneNames_en,1,48
sun.util.resources.cldr.provider.CLDRLocaleDataMetaInfo,1,16
